total_runs,wickets,target,balls_left,required_runs,wickets_remaining,required_rr,current_rr,pressure_index,run_rate_difference,balls_per_wicket_remaining,theoretical_max_runs,win_feasibility,match_phase,predicted_won,win_probability
0.0,0.0,128,119.0,128.0,10.0,6.453781512605042,0.0,0.6453781512605042,6.453781512605042,11.9,238.0,0.46218487394957986,0,1,0.9816664
0.0,0.0,128,118.0,128.0,10.0,6.508474576271186,0.0,0.6508474576271186,6.508474576271186,11.8,236.0,0.4576271186440678,0,1,0.9851811
0.0,0.0,128,117.0,128.0,10.0,6.564102564102564,0.0,0.6564102564102564,6.564102564102564,11.7,234.0,0.45299145299145294,0,1,0.9866844
2.0,0.0,128,116.0,126.0,10.0,6.517241379310345,3.0,0.6517241379310346,3.517241379310345,11.6,232.0,0.4568965517241379,0,1,0.9981388
2.0,0.0,128,115.0,126.0,10.0,6.57391304347826,2.4,0.657391304347826,4.17391304347826,11.5,230.0,0.4521739130434783,0,1,0.99747133
6.0,0.0,128,114.0,122.0,10.0,6.421052631578948,6.0,0.6421052631578947,0.4210526315789478,11.4,228.0,0.4649122807017544,0,1,0.99727684
7.0,0.0,128,113.0,121.0,10.0,6.424778761061948,6.0,0.6424778761061948,0.42477876106194756,11.3,226.0,0.46460176991150437,0,1,0.9978667
7.0,0.0,128,112.0,121.0,10.0,6.482142857142857,5.25,0.6482142857142856,1.2321428571428568,11.2,224.0,0.4598214285714286,0,1,0.9986077
11.0,0.0,128,111.0,117.0,10.0,6.324324324324325,7.333333333333333,0.6324324324324324,-1.0090090090090085,11.1,222.0,0.472972972972973,0,1,0.9989507
12.0,0.0,128,110.0,116.0,10.0,6.327272727272728,7.199999999999999,0.6327272727272728,-0.8727272727272712,11.0,220.0,0.4727272727272728,0,1,0.9989114
16.0,0.0,128,109.0,112.0,10.0,6.1651376146788985,8.727272727272728,0.6165137614678898,-2.56213511259383,10.9,218.0,0.4862385321100917,0,1,0.9998791
20.0,0.0,128,108.0,108.0,10.0,6.0,10.0,0.6,-4.0,10.8,216.0,0.5,0,1,0.99966073
26.0,0.0,128,107.0,102.0,10.0,5.719626168224299,12.0,0.5719626168224299,-6.280373831775701,10.7,214.0,0.5233644859813085,0,1,0.9868841
32.0,0.0,128,106.0,96.0,10.0,5.433962264150943,13.714285714285714,0.5433962264150943,-8.28032345013477,10.6,212.0,0.5471698113207547,0,1,0.9959496
33.0,0.0,128,105.0,95.0,10.0,5.428571428571429,13.2,0.5428571428571429,-7.7714285714285705,10.5,210.0,0.5476190476190477,0,1,0.9960704
33.0,0.0,128,104.0,95.0,10.0,5.480769230769231,12.375,0.5480769230769231,-6.894230769230769,10.4,208.0,0.5432692307692308,0,1,0.99586284
35.0,0.0,128,103.0,93.0,10.0,5.417475728155339,12.352941176470587,0.5417475728155339,-6.935465448315248,10.3,206.0,0.5485436893203883,0,1,0.99628097
35.0,0.0,128,102.0,93.0,10.0,5.470588235294118,11.666666666666666,0.5470588235294118,-6.196078431372548,10.2,204.0,0.5441176470588236,0,1,0.995488
39.0,0.0,128,101.0,89.0,10.0,5.287128712871287,12.31578947368421,0.5287128712871287,-7.028660760812923,10.1,202.0,0.5594059405940595,0,1,0.99658585
43.0,0.0,128,100.0,85.0,10.0,5.1,12.899999999999999,0.51,-7.799999999999999,10.0,200.0,0.575,0,1,0.99447024
45.0,0.0,128,99.0,83.0,10.0,5.03030303030303,12.857142857142858,0.503030303030303,-7.826839826839827,9.9,198.0,0.5808080808080809,0,1,0.9963483
49.0,0.0,128,98.0,79.0,10.0,4.836734693877552,13.363636363636363,0.4836734693877552,-8.52690166975881,9.8,196.0,0.596938775510204,0,1,0.99936384
53.0,0.0,128,97.0,75.0,10.0,4.639175257731958,13.826086956521738,0.46391752577319584,-9.18691169878978,9.7,194.0,0.6134020618556701,0,1,0.99985707
53.0,0.0,128,96.0,75.0,10.0,4.6875,13.25,0.46875,-8.5625,9.6,192.0,0.609375,0,1,0.9996476
53.0,0.0,128,95.0,75.0,10.0,4.7368421052631575,12.719999999999999,0.47368421052631576,-7.983157894736841,9.5,190.0,0.6052631578947368,0,1,0.99966013
53.0,0.0,128,94.0,75.0,10.0,4.787234042553192,12.230769230769232,0.4787234042553192,-7.44353518821604,9.4,188.0,0.601063829787234,0,1,0.99980336
53.0,1.0,128,93.0,75.0,9.0,4.838709677419355,11.777777777777779,0.967741935483871,-6.939068100358424,10.333333333333334,186.0,0.5967741935483871,0,1,0.9996388
53.0,1.0,128,92.0,75.0,9.0,4.891304347826087,11.357142857142856,0.9782608695652174,-6.465838509316769,10.222222222222221,184.0,0.5923913043478262,0,1,0.9995838
54.0,1.0,128,91.0,74.0,9.0,4.8791208791208796,11.172413793103448,0.9758241758241759,-6.293292913982569,10.11111111111111,182.0,0.5934065934065934,0,1,0.9996215
54.0,1.0,128,90.0,74.0,9.0,4.933333333333334,10.8,0.9866666666666667,-5.866666666666667,10.0,180.0,0.5888888888888889,0,1,0.9996785
55.0,1.0,128,89.0,73.0,9.0,4.921348314606742,10.64516129032258,0.9842696629213483,-5.7238129757158385,9.88888888888889,178.0,0.5898876404494382,0,1,0.99977535
55.0,1.0,128,88.0,73.0,9.0,4.9772727272727275,10.3125,0.9954545454545455,-5.3352272727272725,9.777777777777779,176.0,0.5852272727272727,0,1,0.99970216
56.0,1.0,128,87.0,72.0,9.0,4.9655172413793105,10.181818181818182,0.993103448275862,-5.216300940438871,9.666666666666666,174.0,0.5862068965517242,0,1,0.99992657
56.0,1.0,128,86.0,72.0,9.0,5.023255813953488,9.88235294117647,1.0046511627906978,-4.859097127222981,9.555555555555555,172.0,0.5813953488372092,0,1,0.9998375
56.0,1.0,128,85.0,72.0,9.0,5.082352941176471,9.6,1.0164705882352942,-4.5176470588235285,9.444444444444445,170.0,0.5764705882352941,0,1,0.99973446
57.0,1.0,128,84.0,71.0,9.0,5.071428571428571,9.5,1.0142857142857142,-4.428571428571429,9.333333333333334,168.0,0.5773809523809523,0,1,0.9998031
58.0,1.0,128,83.0,70.0,9.0,5.0602409638554215,9.405405405405405,1.0120481927710843,-4.345164441549984,9.222222222222221,166.0,0.5783132530120482,1,1,0.9998247
59.0,1.0,128,83.0,69.0,9.0,4.9879518072289155,9.567567567567567,0.9975903614457831,-4.579615760338651,9.222222222222221,166.0,0.5843373493975903,1,1,0.99987924
60.0,1.0,128,82.0,68.0,9.0,4.975609756097561,9.473684210526317,0.9951219512195122,-4.498074454428756,9.11111111111111,164.0,0.5853658536585367,1,1,0.9999646
61.0,1.0,128,81.0,67.0,9.0,4.962962962962963,9.384615384615385,0.9925925925925926,-4.421652421652422,9.0,162.0,0.5864197530864197,1,1,0.9999646
61.0,1.0,128,80.0,67.0,9.0,5.0249999999999995,9.15,1.005,-4.125000000000001,8.88888888888889,160.0,0.58125,1,1,0.999938
62.0,1.0,128,79.0,66.0,9.0,5.012658227848101,9.073170731707318,1.0025316455696203,-4.060512503859217,8.777777777777779,158.0,0.5822784810126582,1,1,0.9999281
62.0,1.0,128,78.0,66.0,9.0,5.076923076923077,8.857142857142858,1.0153846153846153,-3.780219780219781,8.666666666666666,156.0,0.5769230769230769,1,1,0.99988866
63.0,1.0,128,77.0,65.0,9.0,5.064935064935065,8.790697674418604,1.0129870129870129,-3.7257626094835397,8.555555555555555,154.0,0.577922077922078,1,1,0.9999089
64.0,1.0,128,76.0,64.0,9.0,5.052631578947369,8.727272727272728,1.0105263157894737,-3.6746411483253594,8.444444444444445,152.0,0.5789473684210527,1,1,0.9999207
66.0,1.0,128,75.0,62.0,9.0,4.96,8.8,0.992,-3.8400000000000007,8.333333333333334,150.0,0.5866666666666667,1,1,0.9999783
66.0,1.0,128,74.0,62.0,9.0,5.027027027027027,8.608695652173912,1.0054054054054054,-3.581668625146885,8.222222222222221,148.0,0.5810810810810811,1,1,0.9999497
67.0,1.0,128,73.0,61.0,9.0,5.013698630136987,8.553191489361703,1.0027397260273974,-3.5394928592247163,8.11111111111111,146.0,0.5821917808219178,1,1,0.999946
68.0,1.0,128,72.0,60.0,9.0,5.0,8.5,1.0,-3.5,8.0,144.0,0.5833333333333333,1,1,0.999946
68.0,1.0,128,71.0,60.0,9.0,5.070422535211267,8.326530612244898,1.0140845070422535,-3.2561080770336313,7.888888888888889,142.0,0.5774647887323944,1,1,0.9999027
72.0,1.0,128,71.0,56.0,9.0,4.732394366197183,8.816326530612246,0.9464788732394366,-4.083932164415063,7.888888888888889,142.0,0.6056338028169015,1,1,0.9999776
72.0,1.0,128,70.0,56.0,9.0,4.8,8.639999999999999,0.96,-3.839999999999999,7.777777777777778,140.0,0.6,1,1,0.9999763
73.0,1.0,128,69.0,55.0,9.0,4.782608695652174,8.588235294117647,0.9565217391304348,-3.805626598465473,7.666666666666667,138.0,0.6014492753623188,1,1,0.9999802
73.0,2.0,128,68.0,55.0,8.0,4.852941176470588,8.423076923076923,1.4558823529411764,-3.5701357466063355,8.5,136.0,0.5955882352941176,1,1,0.9999739
73.0,2.0,128,67.0,55.0,8.0,4.925373134328359,8.264150943396226,1.4776119402985075,-3.3387778090678673,8.375,134.0,0.5895522388059702,1,1,0.99997497
74.0,2.0,128,66.0,54.0,8.0,4.909090909090909,8.222222222222221,1.4727272727272727,-3.3131313131313123,8.25,132.0,0.5909090909090908,1,1,0.9999759
75.0,2.0,128,65.0,53.0,8.0,4.892307692307692,8.181818181818182,1.4676923076923074,-3.28951048951049,8.125,130.0,0.5923076923076923,1,1,0.9999721
76.0,2.0,128,64.0,52.0,8.0,4.875,8.142857142857142,1.4625,-3.2678571428571423,8.0,128.0,0.59375,1,1,0.9999734
77.0,2.0,128,63.0,51.0,8.0,4.857142857142857,8.105263157894736,1.4571428571428569,-3.2481203007518795,7.875,126.0,0.5952380952380952,1,1,0.9999857
81.0,2.0,128,62.0,47.0,8.0,4.548387096774193,8.379310344827587,1.364516129032258,-3.830923248053394,7.75,124.0,0.6209677419354839,1,1,0.9999852
82.0,2.0,128,61.0,46.0,8.0,4.524590163934427,8.338983050847457,1.357377049180328,-3.81439288691303,7.625,122.0,0.6229508196721312,1,1,0.99998534
86.0,2.0,128,60.0,42.0,8.0,4.2,8.6,1.2600000000000002,-4.3999999999999995,7.5,120.0,0.65,1,1,0.9999881
92.0,2.0,128,59.0,36.0,8.0,3.661016949152542,9.049180327868854,1.0983050847457627,-5.388163378716312,7.375,118.0,0.6949152542372881,1,1,0.999987
93.0,2.0,128,58.0,35.0,8.0,3.620689655172414,9.0,1.0862068965517242,-5.379310344827585,7.25,116.0,0.6982758620689655,1,1,0.999987
93.0,2.0,128,57.0,35.0,8.0,3.6842105263157894,8.857142857142858,1.1052631578947367,-5.172932330827068,7.125,114.0,0.6929824561403508,1,1,0.9999883
94.0,2.0,128,56.0,34.0,8.0,3.642857142857143,8.8125,1.092857142857143,-5.169642857142858,7.0,112.0,0.6964285714285714,1,1,0.9999895
94.0,2.0,128,55.0,34.0,8.0,3.7090909090909094,8.676923076923076,1.1127272727272728,-4.967832167832167,6.875,110.0,0.6909090909090909,1,1,0.99998987
95.0,2.0,128,54.0,33.0,8.0,3.6666666666666665,8.636363636363637,1.1,-4.969696969696971,6.75,108.0,0.6944444444444444,1,1,0.9999918
96.0,2.0,128,53.0,32.0,8.0,3.622641509433962,8.597014925373134,1.0867924528301887,-4.974373415939173,6.625,106.0,0.6981132075471699,1,1,0.9999894
97.0,2.0,128,52.0,31.0,8.0,3.576923076923077,8.558823529411764,1.0730769230769233,-4.981900452488688,6.5,104.0,0.7019230769230769,1,1,0.9999919
97.0,2.0,128,51.0,31.0,8.0,3.6470588235294117,8.434782608695652,1.0941176470588236,-4.787723785166241,6.375,102.0,0.696078431372549,1,1,0.9999912
97.0,2.0,128,50.0,31.0,8.0,3.7199999999999998,8.314285714285715,1.116,-4.594285714285715,6.25,100.0,0.69,1,1,0.9999912
98.0,2.0,128,49.0,30.0,8.0,3.673469387755102,8.28169014084507,1.1020408163265307,-4.608220753089968,6.125,98.0,0.6938775510204082,1,1,0.99999046
100.0,2.0,128,48.0,28.0,8.0,3.5,8.333333333333334,1.05,-4.833333333333334,6.0,96.0,0.7083333333333333,1,1,0.9999753
100.0,2.0,128,47.0,28.0,8.0,3.5744680851063833,8.219178082191782,1.0723404255319149,-4.644709997085398,5.875,94.0,0.7021276595744681,1,1,0.99998057
104.0,2.0,128,46.0,24.0,8.0,3.1304347826086953,8.432432432432432,0.9391304347826086,-5.301997649823736,5.75,92.0,0.7391304347826086,1,1,0.99996555
105.0,2.0,128,45.0,23.0,8.0,3.066666666666667,8.4,0.9200000000000002,-5.333333333333334,5.625,90.0,0.7444444444444445,1,1,0.9999814
105.0,2.0,128,44.0,23.0,8.0,3.1363636363636367,8.289473684210527,0.940909090909091,-5.153110047846891,5.5,88.0,0.7386363636363636,1,1,0.99998045
105.0,2.0,128,43.0,23.0,8.0,3.2093023255813953,8.181818181818182,0.9627906976744185,-4.972515856236786,5.375,86.0,0.7325581395348837,1,1,0.99997604
106.0,2.0,128,42.0,22.0,8.0,3.142857142857143,8.153846153846153,0.9428571428571428,-5.010989010989011,5.25,84.0,0.7380952380952381,1,1,0.9999864
106.0,2.0,128,41.0,22.0,8.0,3.2195121951219514,8.050632911392405,0.9658536585365856,-4.831120716270454,5.125,82.0,0.7317073170731707,1,1,0.9999896
107.0,2.0,128,40.0,21.0,8.0,3.15,8.025,0.945,-4.875,5.0,80.0,0.7375,1,1,0.99999154
109.0,2.0,128,39.0,19.0,8.0,2.923076923076923,8.074074074074074,0.8769230769230768,-5.150997150997151,4.875,78.0,0.7564102564102564,1,1,0.9999918
109.0,2.0,128,38.0,19.0,8.0,3.0,7.975609756097561,0.9,-4.975609756097561,4.75,76.0,0.75,1,1,0.99999166
110.0,2.0,128,37.0,18.0,8.0,2.918918918918919,7.951807228915662,0.8756756756756756,-5.032888309996743,4.625,74.0,0.7567567567567568,1,1,0.99998975
114.0,2.0,128,36.0,14.0,8.0,2.3333333333333335,8.142857142857142,0.7,-5.809523809523808,4.5,72.0,0.8055555555555556,1,1,0.99998736
114.0,2.0,128,35.0,14.0,8.0,2.4,8.047058823529412,0.72,-5.647058823529411,4.375,70.0,0.8,1,1,0.9999931
115.0,2.0,128,35.0,13.0,8.0,2.2285714285714286,8.117647058823529,0.6685714285714286,-5.8890756302521,4.375,70.0,0.8142857142857143,1,1,0.9999881
115.0,2.0,128,34.0,13.0,8.0,2.2941176470588234,8.023255813953488,0.6882352941176471,-5.729138166894665,4.25,68.0,0.8088235294117647,1,1,0.9999914
116.0,2.0,128,33.0,12.0,8.0,2.1818181818181817,8.0,0.6545454545454545,-5.818181818181818,4.125,66.0,0.8181818181818181,1,1,0.9999863
116.0,2.0,128,32.0,12.0,8.0,2.25,7.909090909090909,0.675,-5.659090909090909,4.0,64.0,0.8125,1,1,0.99999046
118.0,2.0,128,31.0,10.0,8.0,1.9354838709677418,7.955056179775281,0.5806451612903225,-6.019572308807539,3.875,62.0,0.8387096774193549,1,1,0.99998975
119.0,2.0,128,30.0,9.0,8.0,1.8,7.933333333333334,0.54,-6.133333333333334,3.75,60.0,0.85,1,1,0.99998224
121.0,2.0,128,29.0,7.0,8.0,1.4482758620689655,7.978021978021978,0.4344827586206897,-6.529746115953013,3.625,58.0,0.8793103448275862,2,1,0.9999796
122.0,2.0,128,28.0,6.0,8.0,1.2857142857142856,7.956521739130435,0.3857142857142857,-6.670807453416149,3.5,56.0,0.8928571428571429,2,1,0.9999783
128.0,2.0,128,27.0,0.0,8.0,0.0,8.258064516129032,0.0,-8.258064516129032,3.375,54.0,1.0,2,1,0.9999808
128.0,2.0,128,26.0,0.0,8.0,0.0,8.170212765957448,0.0,-8.170212765957448,3.25,52.0,1.0,2,1,0.99998057
128.0,2.0,128,25.0,0.0,8.0,0.0,8.08421052631579,0.0,-8.08421052631579,3.125,50.0,1.0,2,1,0.999987
132.0,2.0,128,24.0,-4.0,8.0,0.0,8.25,0.0,-9.25,3.0,48.0,1.0833333333333333,2,1,0.9999908
1.0,0.0,117,119.0,116.0,10.0,5.84873949579832,6.0,0.584873949579832,-0.15126050420168013,11.9,238.0,0.5126050420168067,0,1,0.99987245
1.0,0.0,117,118.0,116.0,10.0,5.898305084745762,3.0,0.5898305084745762,2.898305084745762,11.8,236.0,0.5084745762711864,0,1,0.9999268
2.0,0.0,117,117.0,115.0,10.0,5.897435897435898,4.0,0.5897435897435898,1.8974358974358978,11.7,234.0,0.5085470085470085,0,1,0.99992394
2.0,0.0,117,116.0,115.0,10.0,5.948275862068966,3.0,0.5948275862068966,2.948275862068966,11.6,232.0,0.5043103448275862,0,1,0.9999392
2.0,0.0,117,115.0,115.0,10.0,6.0,2.4,0.6,3.6,11.5,230.0,0.5,0,1,0.9999393
6.0,0.0,117,114.0,111.0,10.0,5.842105263157895,6.0,0.5842105263157895,-0.1578947368421053,11.4,228.0,0.513157894736842,0,1,0.99984896
6.0,0.0,117,113.0,111.0,10.0,5.893805309734514,5.142857142857142,0.5893805309734514,0.7509481668773716,11.3,226.0,0.5088495575221239,0,1,0.9999031
6.0,0.0,117,112.0,111.0,10.0,5.946428571428571,4.5,0.5946428571428571,1.4464285714285712,11.2,224.0,0.5044642857142857,0,1,0.9999087
10.0,0.0,117,111.0,107.0,10.0,5.783783783783784,6.666666666666667,0.5783783783783785,-0.8828828828828827,11.1,222.0,0.5180180180180181,0,1,0.99983895
15.0,0.0,117,110.0,102.0,10.0,5.563636363636364,9.0,0.5563636363636364,-3.4363636363636356,11.0,220.0,0.5363636363636364,0,1,0.99994266
19.0,0.0,117,109.0,98.0,10.0,5.394495412844036,10.363636363636363,0.5394495412844036,-4.969140950792327,10.9,218.0,0.5504587155963303,0,1,0.99970657
19.0,0.0,117,108.0,98.0,10.0,5.444444444444445,9.5,0.5444444444444445,-4.055555555555555,10.8,216.0,0.5462962962962963,0,1,0.9999311
23.0,0.0,117,107.0,94.0,10.0,5.271028037383178,10.615384615384617,0.5271028037383177,-5.344356578001439,10.7,214.0,0.5607476635514019,0,1,0.9994105
29.0,0.0,117,107.0,88.0,10.0,4.934579439252337,13.384615384615385,0.4934579439252337,-8.450035945363048,10.7,214.0,0.5887850467289719,0,1,0.99955267
29.0,0.0,117,106.0,88.0,10.0,4.981132075471698,12.428571428571427,0.4981132075471698,-7.447439353099729,10.6,212.0,0.5849056603773585,0,1,0.998971
29.0,0.0,117,105.0,88.0,10.0,5.0285714285714285,11.6,0.5028571428571429,-6.571428571428571,10.5,210.0,0.5809523809523809,0,1,0.9991335
30.0,0.0,117,104.0,87.0,10.0,5.019230769230769,11.25,0.5019230769230769,-6.230769230769231,10.4,208.0,0.5817307692307692,0,1,0.99887425
31.0,0.0,117,103.0,86.0,10.0,5.009708737864077,10.941176470588236,0.5009708737864077,-5.931467732724158,10.3,206.0,0.5825242718446602,0,1,0.9992331
32.0,0.0,117,102.0,85.0,10.0,5.0,10.666666666666666,0.5,-5.666666666666666,10.2,204.0,0.5833333333333333,0,1,0.99919397
32.0,0.0,117,101.0,85.0,10.0,5.0495049504950495,10.105263157894738,0.504950495049505,-5.0557582073996885,10.1,202.0,0.5792079207920793,0,1,0.9996836
33.0,0.0,117,101.0,84.0,10.0,4.99009900990099,10.421052631578949,0.499009900990099,-5.430953621677959,10.1,202.0,0.5841584158415842,0,1,0.99972445
33.0,0.0,117,100.0,84.0,10.0,5.04,9.9,0.504,-4.86,10.0,200.0,0.5800000000000001,0,1,0.99976474
33.0,0.0,117,99.0,84.0,10.0,5.090909090909091,9.428571428571429,0.509090909090909,-4.337662337662338,9.9,198.0,0.5757575757575757,0,1,0.9998031
33.0,0.0,117,98.0,84.0,10.0,5.142857142857143,9.0,0.5142857142857143,-3.8571428571428568,9.8,196.0,0.5714285714285714,0,1,0.9998665
33.0,0.0,117,97.0,84.0,10.0,5.195876288659793,8.608695652173912,0.5195876288659793,-3.412819363514119,9.7,194.0,0.5670103092783505,0,1,0.9998846
33.0,0.0,117,96.0,84.0,10.0,5.25,8.25,0.525,-3.0,9.6,192.0,0.5625,0,1,0.99991703
33.0,0.0,117,95.0,84.0,10.0,5.3052631578947365,7.919999999999999,0.5305263157894736,-2.6147368421052626,9.5,190.0,0.5578947368421052,0,1,0.9999702
34.0,0.0,117,94.0,83.0,10.0,5.297872340425532,7.846153846153847,0.5297872340425532,-2.5482815057283146,9.4,188.0,0.5585106382978724,0,1,0.9999815
35.0,0.0,117,93.0,82.0,10.0,5.290322580645161,7.777777777777778,0.5290322580645161,-2.4874551971326166,9.3,186.0,0.5591397849462365,0,1,0.99998116
35.0,0.0,117,92.0,82.0,10.0,5.3478260869565215,7.499999999999999,0.5347826086956522,-2.1521739130434776,9.2,184.0,0.5543478260869565,0,1,0.9999721
35.0,0.0,117,91.0,82.0,10.0,5.406593406593407,7.241379310344828,0.5406593406593407,-1.8347859037514214,9.1,182.0,0.5494505494505495,0,1,0.9999256
36.0,0.0,117,90.0,81.0,10.0,5.4,7.2,0.54,-1.7999999999999998,9.0,180.0,0.55,0,1,0.99992573
37.0,0.0,117,89.0,80.0,10.0,5.393258426966292,7.161290322580645,0.5393258426966292,-1.768031895614353,8.9,178.0,0.550561797752809,0,1,0.99992955
37.0,0.0,117,88.0,80.0,10.0,5.454545454545455,6.9375,0.5454545454545455,-1.482954545454545,8.8,176.0,0.5454545454545454,0,1,0.99987996
41.0,0.0,117,87.0,76.0,10.0,5.241379310344827,7.454545454545454,0.5241379310344827,-2.2131661442006267,8.7,174.0,0.5632183908045977,0,1,0.99998605
42.0,0.0,117,86.0,75.0,10.0,5.232558139534883,7.411764705882352,0.5232558139534883,-2.179206566347469,8.6,172.0,0.563953488372093,0,1,0.99998605
42.0,0.0,117,85.0,75.0,10.0,5.294117647058823,7.2,0.5294117647058824,-1.9058823529411768,8.5,170.0,0.5588235294117647,0,1,0.99996185
42.0,0.0,117,84.0,75.0,10.0,5.357142857142857,7.0,0.5357142857142857,-1.6428571428571432,8.4,168.0,0.5535714285714286,0,1,0.9999212
43.0,0.0,117,83.0,74.0,10.0,5.349397590361446,6.972972972972973,0.5349397590361445,-1.6235753826115271,8.3,166.0,0.5542168674698795,1,1,0.9999442
44.0,0.0,117,82.0,73.0,10.0,5.341463414634147,6.947368421052632,0.5341463414634147,-1.6059050064184852,8.2,164.0,0.5548780487804879,1,1,0.9999255
45.0,0.0,117,81.0,72.0,10.0,5.333333333333333,6.923076923076923,0.5333333333333333,-1.5897435897435903,8.1,162.0,0.5555555555555556,1,1,0.99993324
46.0,0.0,117,80.0,71.0,10.0,5.325,6.8999999999999995,0.5325,-1.5749999999999993,8.0,160.0,0.55625,1,1,0.99981374
50.0,0.0,117,79.0,67.0,10.0,5.088607594936709,7.317073170731708,0.5088607594936709,-2.2284655757949983,7.9,158.0,0.5759493670886076,1,1,0.9999825
51.0,0.0,117,78.0,66.0,10.0,5.076923076923077,7.285714285714286,0.5076923076923077,-2.208791208791209,7.8,156.0,0.5769230769230769,1,1,0.99997973
52.0,0.0,117,77.0,65.0,10.0,5.064935064935065,7.255813953488372,0.5064935064935064,-2.190878888553307,7.7,154.0,0.577922077922078,1,1,0.9999825
54.0,0.0,117,76.0,63.0,10.0,4.973684210526316,7.363636363636364,0.49736842105263157,-2.3899521531100483,7.6,152.0,0.5855263157894737,1,1,0.9999919
54.0,0.0,117,75.0,63.0,10.0,5.04,7.2,0.504,-2.16,7.5,150.0,0.5800000000000001,1,1,0.9999802
54.0,0.0,117,74.0,63.0,10.0,5.108108108108108,7.0434782608695645,0.5108108108108108,-1.9353701527614566,7.4,148.0,0.5743243243243243,1,1,0.99993885
55.0,0.0,117,73.0,62.0,10.0,5.095890410958904,7.021276595744681,0.5095890410958904,-1.9253861847857774,7.3,146.0,0.5753424657534247,1,1,0.9999443
57.0,0.0,117,72.0,60.0,10.0,5.0,7.125,0.5,-2.125,7.2,144.0,0.5833333333333333,1,1,0.9999814
61.0,0.0,117,71.0,56.0,10.0,4.732394366197183,7.469387755102042,0.4732394366197183,-2.7369933889048585,7.1,142.0,0.6056338028169015,1,1,0.9999924
61.0,0.0,117,70.0,56.0,10.0,4.8,7.319999999999999,0.48,-2.5199999999999996,7.0,140.0,0.6,1,1,0.99999297
62.0,0.0,117,69.0,55.0,10.0,4.782608695652174,7.294117647058823,0.4782608695652174,-2.5115089514066495,6.9,138.0,0.6014492753623188,1,1,0.9999926
62.0,0.0,117,68.0,55.0,10.0,4.852941176470588,7.153846153846154,0.48529411764705876,-2.3009049773755663,6.8,136.0,0.5955882352941176,1,1,0.99999
63.0,0.0,117,67.0,54.0,10.0,4.835820895522389,7.132075471698113,0.48358208955223886,-2.2962545761757243,6.7,134.0,0.5970149253731343,1,1,0.99999
67.0,0.0,117,66.0,50.0,10.0,4.545454545454546,7.444444444444445,0.4545454545454546,-2.898989898989899,6.6,132.0,0.6212121212121212,1,1,0.99999034
71.0,0.0,117,65.0,46.0,10.0,4.246153846153846,7.745454545454546,0.4246153846153846,-3.4993006993007,6.5,130.0,0.6461538461538461,1,1,0.99999464
72.0,0.0,117,64.0,45.0,10.0,4.21875,7.7142857142857135,0.421875,-3.4955357142857135,6.4,128.0,0.6484375,1,1,0.99999535
73.0,0.0,117,63.0,44.0,10.0,4.190476190476191,7.684210526315789,0.41904761904761906,-3.4937343358395987,6.3,126.0,0.6507936507936508,1,1,0.9999938
73.0,0.0,117,62.0,44.0,10.0,4.258064516129032,7.551724137931035,0.4258064516129032,-3.2936596218020027,6.2,124.0,0.6451612903225806,1,1,0.9999896
73.0,0.0,117,61.0,44.0,10.0,4.327868852459017,7.423728813559322,0.4327868852459017,-3.095859961100305,6.1,122.0,0.639344262295082,1,1,0.99998915
74.0,0.0,117,60.0,43.0,10.0,4.3,7.4,0.43,-3.1000000000000005,6.0,120.0,0.6416666666666666,1,1,0.99998915
75.0,0.0,117,59.0,42.0,10.0,4.271186440677966,7.3770491803278695,0.42711864406779665,-3.1058627396499032,5.9,118.0,0.6440677966101696,1,1,0.99998796
81.0,0.0,117,58.0,36.0,10.0,3.724137931034483,7.838709677419354,0.3724137931034483,-4.114571746384871,5.8,116.0,0.6896551724137931,1,1,0.9999974
81.0,0.0,117,57.0,36.0,10.0,3.789473684210526,7.714285714285714,0.3789473684210526,-3.9248120300751883,5.7,114.0,0.6842105263157895,1,1,0.9999964
82.0,0.0,117,56.0,35.0,10.0,3.7499999999999996,7.6875,0.37499999999999994,-3.9375000000000004,5.6,112.0,0.6875,1,1,0.99999666
88.0,0.0,117,55.0,29.0,10.0,3.163636363636364,8.123076923076923,0.3163636363636364,-4.959440559440559,5.5,110.0,0.7363636363636363,1,1,0.9999945
89.0,0.0,117,54.0,28.0,10.0,3.111111111111111,8.090909090909092,0.3111111111111111,-4.979797979797981,5.4,108.0,0.7407407407407407,1,1,0.99999607
93.0,0.0,117,53.0,24.0,10.0,2.7169811320754715,8.328358208955224,0.27169811320754716,-5.611377076879753,5.3,106.0,0.7735849056603774,1,1,0.99999106
95.0,0.0,117,53.0,22.0,10.0,2.490566037735849,8.507462686567164,0.2490566037735849,-6.016896648831315,5.3,106.0,0.7924528301886793,1,1,0.9999869
95.0,1.0,117,52.0,22.0,9.0,2.5384615384615388,8.382352941176471,0.5076923076923078,-5.843891402714933,5.777777777777778,104.0,0.7884615384615384,1,1,0.99999154
95.0,1.0,117,51.0,22.0,9.0,2.588235294117647,8.26086956521739,0.5176470588235295,-5.672634271099744,5.666666666666667,102.0,0.7843137254901961,1,1,0.99999154
96.0,1.0,117,50.0,21.0,9.0,2.52,8.22857142857143,0.504,-5.70857142857143,5.555555555555555,100.0,0.79,1,1,0.99999344
97.0,1.0,117,49.0,20.0,9.0,2.4489795918367347,8.197183098591548,0.4897959183673469,-5.748203506754813,5.444444444444445,98.0,0.7959183673469388,1,1,0.99998975
97.0,1.0,117,48.0,20.0,9.0,2.5,8.083333333333334,0.5,-5.583333333333334,5.333333333333333,96.0,0.7916666666666666,1,1,0.9999931
98.0,1.0,117,47.0,19.0,9.0,2.425531914893617,8.054794520547945,0.48510638297872344,-5.629262605654328,5.222222222222222,94.0,0.7978723404255319,1,1,0.9999938
99.0,1.0,117,46.0,18.0,9.0,2.3478260869565215,8.027027027027026,0.4695652173913043,-5.679200940070505,5.111111111111111,92.0,0.8043478260869565,1,1,0.9999912
99.0,1.0,117,45.0,18.0,9.0,2.4,7.92,0.48,-5.52,5.0,90.0,0.8,1,1,0.9999914
99.0,1.0,117,44.0,18.0,9.0,2.4545454545454546,7.815789473684211,0.4909090909090909,-5.361244019138756,4.888888888888889,88.0,0.7954545454545454,1,1,0.9999918
99.0,1.0,117,43.0,18.0,9.0,2.511627906976744,7.7142857142857135,0.5023255813953489,-5.202657807308969,4.777777777777778,86.0,0.7906976744186046,1,1,0.99998915
100.0,1.0,117,42.0,17.0,9.0,2.4285714285714284,7.6923076923076925,0.48571428571428565,-5.263736263736265,4.666666666666667,84.0,0.7976190476190477,1,1,0.999987
101.0,1.0,117,41.0,16.0,9.0,2.3414634146341466,7.670886075949367,0.46829268292682935,-5.3294226613152205,4.555555555555555,82.0,0.8048780487804879,1,1,0.999987
102.0,1.0,117,40.0,15.0,9.0,2.25,7.6499999999999995,0.45,-5.3999999999999995,4.444444444444445,80.0,0.8125,1,1,0.9999887
102.0,1.0,117,39.0,15.0,9.0,2.3076923076923075,7.555555555555555,0.4615384615384615,-5.247863247863248,4.333333333333333,78.0,0.8076923076923077,1,1,0.9999839
102.0,1.0,117,38.0,15.0,9.0,2.368421052631579,7.463414634146342,0.4736842105263158,-5.094993581514762,4.222222222222222,76.0,0.8026315789473684,1,1,0.9999831
103.0,1.0,117,37.0,14.0,9.0,2.27027027027027,7.44578313253012,0.454054054054054,-5.17551286225985,4.111111111111111,74.0,0.8108108108108107,1,1,0.9999831
104.0,1.0,117,36.0,13.0,9.0,2.1666666666666665,7.428571428571429,0.4333333333333333,-5.261904761904763,4.0,72.0,0.8194444444444444,1,1,0.9999833
106.0,1.0,117,35.0,11.0,9.0,1.885714285714286,7.482352941176471,0.37714285714285717,-5.5966386554621845,3.888888888888889,70.0,0.8428571428571429,1,1,0.9999869
107.0,1.0,117,35.0,10.0,9.0,1.7142857142857144,7.552941176470589,0.34285714285714286,-5.8386554621848745,3.888888888888889,70.0,0.8571428571428572,1,1,0.9999869
108.0,1.0,117,34.0,9.0,9.0,1.588235294117647,7.534883720930233,0.3176470588235294,-5.946648426812586,3.7777777777777777,68.0,0.8676470588235294,1,1,0.99998033
109.0,1.0,117,33.0,8.0,9.0,1.4545454545454546,7.517241379310345,0.2909090909090909,-6.06269592476489,3.6666666666666665,66.0,0.8787878787878788,1,1,0.99997175
110.0,1.0,117,32.0,7.0,9.0,1.3125,7.5,0.2625,-6.1875,3.5555555555555554,64.0,0.890625,1,1,0.9999435
110.0,1.0,117,31.0,7.0,9.0,1.3548387096774193,7.415730337078651,0.27096774193548384,-6.060891627401232,3.4444444444444446,62.0,0.8870967741935484,1,1,0.9999453
111.0,1.0,117,30.0,6.0,9.0,1.2,7.4,0.24,-6.2,3.3333333333333335,60.0,0.9,1,1,0.99993515
111.0,1.0,117,29.0,6.0,9.0,1.2413793103448276,7.318681318681319,0.2482758620689655,-6.077302008336492,3.2222222222222223,58.0,0.896551724137931,2,1,0.9999405
113.0,1.0,117,28.0,4.0,9.0,0.8571428571428571,7.369565217391304,0.17142857142857143,-6.512422360248447,3.111111111111111,56.0,0.9285714285714286,2,1,0.9999534
114.0,1.0,117,27.0,3.0,9.0,0.6666666666666666,7.354838709677419,0.13333333333333333,-6.688172043010752,3.0,54.0,0.9444444444444444,2,1,0.99995816
115.0,1.0,117,26.0,2.0,9.0,0.46153846153846156,7.340425531914894,0.09230769230769231,-6.878887070376432,2.888888888888889,52.0,0.9615384615384616,2,1,0.99996257
116.0,1.0,117,25.0,1.0,9.0,0.24,7.326315789473684,0.048,-7.086315789473684,2.7777777777777777,50.0,0.98,2,1,0.99996924
118.0,1.0,117,24.0,-1.0,9.0,0.0,7.375,0.0,-7.625,2.6666666666666665,48.0,1.0208333333333333,2,1,0.9999702
0.0,0.0,194,119.0,194.0,10.0,9.781512605042018,0.0,0.9781512605042018,9.781512605042018,11.9,238.0,0.18487394957983194,0,0,0.10869233
1.0,0.0,194,118.0,193.0,10.0,9.813559322033898,3.0,0.9813559322033898,6.813559322033898,11.8,236.0,0.18220338983050843,0,0,0.108119085
1.0,0.0,194,117.0,193.0,10.0,9.897435897435898,2.0,0.9897435897435898,7.897435897435898,11.7,234.0,0.17521367521367526,0,0,0.052118998
5.0,0.0,194,116.0,189.0,10.0,9.775862068965518,7.5,0.9775862068965517,2.275862068965518,11.6,232.0,0.18534482758620685,0,0,0.22722618
6.0,0.0,194,115.0,188.0,10.0,9.808695652173913,7.199999999999999,0.9808695652173913,2.608695652173914,11.5,230.0,0.18260869565217386,0,0,0.44056657
6.0,0.0,194,114.0,188.0,10.0,9.894736842105264,6.0,0.9894736842105264,3.8947368421052637,11.4,228.0,0.17543859649122806,0,0,0.37636918
7.0,0.0,194,113.0,187.0,10.0,9.929203539823009,6.0,0.9929203539823008,3.9292035398230087,11.3,226.0,0.17256637168141598,0,1,0.54120964
7.0,0.0,194,112.0,187.0,10.0,10.017857142857142,5.25,1.0017857142857143,4.767857142857142,11.2,224.0,0.1651785714285714,0,0,0.4728053
7.0,0.0,194,111.0,187.0,10.0,10.108108108108109,4.666666666666667,1.010810810810811,5.441441441441442,11.1,222.0,0.1576576576576577,0,0,0.40550393
8.0,0.0,194,110.0,186.0,10.0,10.145454545454546,4.8,1.0145454545454546,5.345454545454547,11.0,220.0,0.15454545454545454,0,0,0.48203626
9.0,0.0,194,109.0,185.0,10.0,10.18348623853211,4.909090909090909,1.018348623853211,5.274395329441201,10.9,218.0,0.1513761467889908,0,1,0.7449924
9.0,0.0,194,108.0,185.0,10.0,10.277777777777779,4.5,1.027777777777778,5.777777777777779,10.8,216.0,0.1435185185185185,0,1,0.65462005
10.0,0.0,194,107.0,184.0,10.0,10.317757009345796,4.615384615384616,1.0317757009345796,5.70237239396118,10.7,214.0,0.14018691588785048,0,1,0.72137
11.0,0.0,194,107.0,183.0,10.0,10.261682242990656,5.0769230769230775,1.0261682242990655,5.184759166067578,10.7,214.0,0.1448598130841121,0,1,0.62692046
12.0,0.0,194,106.0,182.0,10.0,10.30188679245283,5.142857142857142,1.030188679245283,5.159029649595688,10.6,212.0,0.14150943396226412,0,1,0.7287012
12.0,0.0,194,105.0,182.0,10.0,10.4,4.8,1.04,5.6000000000000005,10.5,210.0,0.1333333333333333,0,1,0.60567635
12.0,0.0,194,104.0,182.0,10.0,10.5,4.5,1.05,6.0,10.4,208.0,0.125,0,0,0.39129278
16.0,0.0,194,103.0,178.0,10.0,10.36893203883495,5.647058823529411,1.036893203883495,4.721873215305539,10.3,206.0,0.13592233009708743,0,1,0.8041135
20.0,0.0,194,102.0,174.0,10.0,10.235294117647058,6.666666666666667,1.0235294117647058,3.568627450980391,10.2,204.0,0.1470588235294118,0,0,0.39583194
20.0,1.0,194,101.0,174.0,9.0,10.336633663366337,6.315789473684211,2.0673267326732674,4.020844189682126,11.222222222222221,202.0,0.13861386138613863,0,1,0.9869704
24.0,1.0,194,100.0,170.0,9.0,10.2,7.199999999999999,2.04,3.0,11.11111111111111,200.0,0.15000000000000002,0,1,0.9762839
26.0,1.0,194,101.0,168.0,9.0,9.98019801980198,8.210526315789474,1.996039603960396,1.7696717040125058,11.222222222222221,202.0,0.16831683168316836,0,1,0.9907829
26.0,2.0,194,100.0,168.0,8.0,10.08,7.8,3.024,2.2800000000000002,12.5,200.0,0.16000000000000003,0,1,0.60107136
26.0,2.0,194,99.0,168.0,8.0,10.181818181818182,7.428571428571429,3.0545454545454547,2.753246753246753,12.375,198.0,0.1515151515151515,0,1,0.6348575
26.0,2.0,194,98.0,168.0,8.0,10.285714285714286,7.090909090909091,3.0857142857142863,3.1948051948051956,12.25,196.0,0.1428571428571429,0,0,0.4653934
26.0,2.0,194,97.0,168.0,8.0,10.391752577319586,6.782608695652174,3.117525773195876,3.6091438816674124,12.125,194.0,0.134020618556701,0,0,0.44404525
27.0,2.0,194,96.0,167.0,8.0,10.4375,6.75,3.13125,3.6875,12.0,192.0,0.13020833333333337,0,0,0.2212124
27.0,2.0,194,95.0,167.0,8.0,10.547368421052632,6.4799999999999995,3.1642105263157894,4.067368421052632,11.875,190.0,0.12105263157894741,0,0,0.32600144
27.0,2.0,194,94.0,167.0,8.0,10.659574468085108,6.230769230769231,3.1978723404255325,4.428805237315877,11.75,188.0,0.11170212765957444,0,0,0.40828407
28.0,2.0,194,93.0,166.0,8.0,10.709677419354838,6.222222222222222,3.212903225806451,4.487455197132616,11.625,186.0,0.10752688172043012,0,0,0.49378756
34.0,2.0,194,92.0,160.0,8.0,10.434782608695652,7.285714285714286,3.130434782608696,3.1490683229813667,11.5,184.0,0.13043478260869568,0,1,0.8482208
34.0,2.0,194,91.0,160.0,8.0,10.54945054945055,7.03448275862069,3.164835164835165,3.514967790829859,11.375,182.0,0.1208791208791209,0,1,0.8745965
35.0,2.0,194,90.0,159.0,8.0,10.6,7.0,3.1799999999999997,3.5999999999999996,11.25,180.0,0.1166666666666667,0,1,0.8745965
36.0,2.0,194,89.0,158.0,8.0,10.651685393258427,6.967741935483871,3.1955056179775285,3.6839434577745562,11.125,178.0,0.1123595505617978,0,1,0.8820507
37.0,2.0,194,88.0,157.0,8.0,10.704545454545455,6.9375,3.211363636363637,3.767045454545455,11.0,176.0,0.10795454545454541,0,1,0.8932283
37.0,2.0,194,87.0,157.0,8.0,10.827586206896552,6.7272727272727275,3.248275862068965,4.100313479623824,10.875,174.0,0.0977011494252874,0,1,0.90836525
37.0,3.0,194,86.0,157.0,7.0,10.953488372093023,6.529411764705882,4.381395348837209,4.424076607387141,12.285714285714286,172.0,0.08720930232558144,0,0,0.0020519686
38.0,3.0,194,85.0,156.0,7.0,11.011764705882353,6.514285714285714,4.404705882352941,4.497478991596639,12.142857142857142,170.0,0.08235294117647063,0,0,0.004275199
42.0,3.0,194,84.0,152.0,7.0,10.857142857142858,7.0,4.342857142857143,3.8571428571428577,12.0,168.0,0.09523809523809523,0,0,0.0027246962
43.0,3.0,194,83.0,151.0,7.0,10.915662650602409,6.972972972972973,4.366265060240964,3.942689677629436,11.857142857142858,166.0,0.09036144578313254,1,0,0.0055686836
44.0,3.0,194,82.0,150.0,7.0,10.975609756097562,6.947368421052632,4.390243902439025,4.02824133504493,11.714285714285714,164.0,0.08536585365853655,1,0,0.01071542
44.0,3.0,194,81.0,150.0,7.0,11.11111111111111,6.769230769230769,4.444444444444445,4.3418803418803416,11.571428571428571,162.0,0.07407407407407407,1,0,0.22317737
45.0,3.0,194,80.0,149.0,7.0,11.174999999999999,6.75,4.47,4.424999999999999,11.428571428571429,160.0,0.06874999999999998,1,0,0.25131363
51.0,3.0,194,79.0,143.0,7.0,10.860759493670887,7.463414634146342,4.3443037974683545,3.3973448595245452,11.285714285714286,158.0,0.09493670886075944,1,0,0.053791583
51.0,3.0,194,78.0,143.0,7.0,11.0,7.285714285714286,4.4,3.7142857142857144,11.142857142857142,156.0,0.08333333333333337,1,0,0.1216713
52.0,3.0,194,77.0,142.0,7.0,11.064935064935064,7.255813953488372,4.425974025974026,3.809121111446692,11.0,154.0,0.07792207792207795,1,0,0.15671876
52.0,3.0,194,76.0,142.0,7.0,11.210526315789474,7.090909090909091,4.48421052631579,4.1196172248803835,10.857142857142858,152.0,0.06578947368421051,1,0,0.25932097
53.0,3.0,194,75.0,141.0,7.0,11.28,7.066666666666666,4.512,4.213333333333333,10.714285714285714,150.0,0.06000000000000005,1,0,0.009229222
55.0,3.0,194,74.0,139.0,7.0,11.27027027027027,7.173913043478261,4.508108108108108,4.096357226792009,10.571428571428571,148.0,0.060810810810810856,1,0,0.03004863
56.0,3.0,194,73.0,138.0,7.0,11.342465753424658,7.1489361702127665,4.536986301369863,4.193529583211892,10.428571428571429,146.0,0.0547945205479452,1,0,0.037067767
57.0,3.0,194,72.0,137.0,7.0,11.416666666666666,7.125,4.566666666666666,4.291666666666666,10.285714285714286,144.0,0.04861111111111116,1,0,0.09107247
58.0,3.0,194,71.0,136.0,7.0,11.492957746478872,7.102040816326531,4.5971830985915485,4.390916930152341,10.142857142857142,142.0,0.04225352112676062,1,0,0.10545571
58.0,3.0,194,70.0,136.0,7.0,11.657142857142858,6.959999999999999,4.662857142857144,4.697142857142859,10.0,140.0,0.02857142857142858,1,0,0.043532677
62.0,3.0,194,69.0,132.0,7.0,11.478260869565217,7.294117647058823,4.591304347826087,4.1841432225063935,9.857142857142858,138.0,0.04347826086956519,1,0,0.20404105
65.0,3.0,194,68.0,129.0,7.0,11.38235294117647,7.500000000000001,4.552941176470588,3.8823529411764683,9.714285714285714,136.0,0.05147058823529416,1,0,0.081247404
69.0,3.0,194,67.0,125.0,7.0,11.194029850746269,7.811320754716981,4.477611940298507,3.382709096029288,9.571428571428571,134.0,0.06716417910447758,1,0,0.35609454
69.0,3.0,194,66.0,125.0,7.0,11.363636363636363,7.666666666666667,4.545454545454545,3.6969696969696964,9.428571428571429,132.0,0.05303030303030298,1,0,0.041601397
73.0,3.0,194,65.0,121.0,7.0,11.169230769230769,7.963636363636364,4.467692307692308,3.205594405594405,9.285714285714286,130.0,0.0692307692307692,1,1,0.65742975
77.0,3.0,194,64.0,117.0,7.0,10.96875,8.25,4.3875,2.71875,9.142857142857142,128.0,0.0859375,1,0,0.35964713
78.0,3.0,194,63.0,116.0,7.0,11.047619047619047,8.210526315789474,4.419047619047619,2.837092731829573,9.0,126.0,0.07936507936507942,1,0,0.44641873
79.0,3.0,194,62.0,115.0,7.0,11.129032258064516,8.172413793103448,4.451612903225806,2.9566184649610676,8.857142857142858,124.0,0.07258064516129037,1,0,0.4191302
83.0,3.0,194,61.0,111.0,7.0,10.918032786885247,8.440677966101694,4.367213114754099,2.477354820783553,8.714285714285714,122.0,0.0901639344262295,1,1,0.53349805
89.0,3.0,194,60.0,105.0,7.0,10.5,8.9,4.2,1.5999999999999996,8.571428571428571,120.0,0.125,1,0,0.026030548
91.0,3.0,194,59.0,103.0,7.0,10.47457627118644,8.950819672131148,4.189830508474576,1.5237565990552913,8.428571428571429,118.0,0.1271186440677966,1,0,0.028838558
93.0,3.0,194,58.0,101.0,7.0,10.448275862068966,9.0,4.179310344827586,1.4482758620689662,8.285714285714286,116.0,0.1293103448275862,1,0,0.022798508
95.0,3.0,194,57.0,99.0,7.0,10.421052631578947,9.047619047619047,4.168421052631579,1.3734335839598995,8.142857142857142,114.0,0.13157894736842102,1,0,0.0422723
95.0,3.0,194,56.0,99.0,7.0,10.607142857142856,8.90625,4.242857142857142,1.7008928571428559,8.0,112.0,0.1160714285714286,1,0,0.021115778
97.0,3.0,194,55.0,97.0,7.0,10.581818181818182,8.953846153846154,4.2327272727272724,1.627972027972028,7.857142857142857,110.0,0.11818181818181817,1,0,0.018214675
97.0,3.0,194,54.0,97.0,7.0,10.777777777777779,8.818181818181818,4.311111111111112,1.9595959595959602,7.714285714285714,108.0,0.10185185185185186,1,0,0.043385446
97.0,3.0,194,53.0,97.0,7.0,10.981132075471697,8.686567164179104,4.392452830188679,2.2945649112925928,7.571428571428571,106.0,0.08490566037735847,1,0,0.123966105
97.0,3.0,194,52.0,97.0,7.0,11.192307692307693,8.558823529411764,4.476923076923077,2.633484162895929,7.428571428571429,104.0,0.06730769230769229,1,1,0.63218766
99.0,3.0,194,51.0,95.0,7.0,11.176470588235293,8.608695652173912,4.470588235294118,2.5677749360613813,7.285714285714286,102.0,0.06862745098039214,1,1,0.50121367
103.0,3.0,194,50.0,91.0,7.0,10.92,8.82857142857143,4.368,2.0914285714285707,7.142857142857143,100.0,0.08999999999999997,1,0,0.19533959
104.0,3.0,194,49.0,90.0,7.0,11.020408163265307,8.788732394366196,4.408163265306123,2.2316757688991107,7.0,98.0,0.08163265306122447,1,0,0.12257776
108.0,3.0,194,48.0,86.0,7.0,10.75,9.0,4.3,1.75,6.857142857142857,96.0,0.10416666666666663,1,0,0.03157213
110.0,3.0,194,47.0,84.0,7.0,10.72340425531915,9.04109589041096,4.2893617021276595,1.6823083649081898,6.714285714285714,94.0,0.1063829787234043,1,0,0.035700303
111.0,3.0,194,46.0,83.0,7.0,10.826086956521738,9.0,4.3304347826086955,1.8260869565217384,6.571428571428571,92.0,0.09782608695652173,1,0,0.069538794
111.0,4.0,194,45.0,83.0,6.0,11.066666666666666,8.88,5.533333333333333,2.1866666666666656,7.5,90.0,0.07777777777777772,1,0,0.029653031
112.0,4.0,194,44.0,82.0,6.0,11.181818181818182,8.842105263157896,5.590909090909091,2.339712918660286,7.333333333333333,88.0,0.06818181818181823,1,0,0.035820205
113.0,4.0,194,43.0,81.0,6.0,11.302325581395348,8.805194805194805,5.651162790697674,2.4971307762005424,7.166666666666667,86.0,0.05813953488372092,1,0,0.025540339
114.0,4.0,194,42.0,80.0,6.0,11.428571428571429,8.76923076923077,5.714285714285714,2.6593406593406588,7.0,84.0,0.04761904761904767,1,0,0.022241583
115.0,4.0,194,41.0,79.0,6.0,11.560975609756099,8.734177215189874,5.7804878048780495,2.826798394566225,6.833333333333333,82.0,0.03658536585365857,1,0,0.03430829
116.0,4.0,194,41.0,78.0,6.0,11.414634146341465,8.810126582278482,5.707317073170732,2.604507564062983,6.833333333333333,82.0,0.04878048780487809,1,0,0.029443597
116.0,4.0,194,40.0,78.0,6.0,11.7,8.7,5.85,3.0,6.666666666666667,80.0,0.025000000000000022,1,0,0.03757178
117.0,4.0,194,39.0,77.0,6.0,11.846153846153847,8.666666666666666,5.923076923076923,3.1794871794871806,6.5,78.0,0.012820512820512775,1,0,0.022087367
118.0,4.0,194,38.0,76.0,6.0,12.0,8.634146341463415,6.0,3.365853658536585,6.333333333333333,76.0,0.0,1,0,0.049259983
118.0,5.0,194,37.0,76.0,5.0,12.324324324324325,8.53012048192771,7.3945945945945954,3.7942038423966142,7.4,74.0,0.0,1,0,0.029851168
119.0,5.0,194,36.0,75.0,5.0,12.5,8.5,7.5,4.0,7.2,72.0,0.0,1,0,0.051688563
120.0,5.0,194,35.0,74.0,5.0,12.685714285714287,8.470588235294118,7.611428571428573,4.215126050420169,7.0,70.0,0.0,1,0,0.055248223
122.0,5.0,194,34.0,72.0,5.0,12.705882352941176,8.511627906976743,7.623529411764705,4.194254445964432,6.8,68.0,0.0,1,0,0.033871092
122.0,6.0,194,33.0,72.0,4.0,13.090909090909092,8.413793103448276,9.163636363636364,4.677115987460816,8.25,66.0,0.0,1,0,0.00024496298
123.0,6.0,194,32.0,71.0,4.0,13.3125,8.386363636363637,9.31875,4.926136363636363,8.0,64.0,0.0,1,0,0.00030856745
123.0,6.0,194,31.0,71.0,4.0,13.741935483870966,8.292134831460674,9.619354838709677,5.449800652410293,7.75,62.0,0.0,1,0,0.0003289322
124.0,6.0,194,30.0,70.0,4.0,14.0,8.266666666666667,9.8,5.7333333333333325,7.5,60.0,0.0,1,0,0.0003289322
125.0,6.0,194,29.0,69.0,4.0,14.275862068965518,8.241758241758243,9.993103448275862,6.034103827207275,7.25,58.0,0.0,2,0,0.0003289322
125.0,7.0,194,28.0,69.0,3.0,14.785714285714285,8.152173913043478,11.828571428571427,6.633540372670806,9.333333333333334,56.0,0.0,2,0,0.00012349062
127.0,7.0,194,27.0,67.0,3.0,14.88888888888889,8.193548387096774,11.911111111111111,6.695340501792115,9.0,54.0,0.0,2,0,0.00012176612
128.0,7.0,194,26.0,66.0,3.0,15.230769230769232,8.170212765957448,12.184615384615386,7.060556464811784,8.666666666666666,52.0,0.0,2,0,0.00022250183
129.0,7.0,194,25.0,65.0,3.0,15.6,8.147368421052631,12.48,7.4526315789473685,8.333333333333334,50.0,0.0,2,0,0.00013434813
129.0,8.0,194,24.0,65.0,2.0,16.25,8.0625,14.625,8.1875,12.0,48.0,0.0,2,0,1.5640742e-05
130.0,9.0,194,23.0,64.0,1.0,16.695652173913043,8.041237113402062,16.695652173913043,8.654415060510981,23.0,46.0,0.0,2,0,7.801323e-06
131.0,9.0,194,22.0,63.0,1.0,17.181818181818183,8.020408163265307,17.181818181818183,9.161410018552877,22.0,44.0,0.0,2,0,7.4236027e-06
131.0,10.0,194,21.0,63.0,0.0,18.0,7.9393939393939394,19.8,10.06060606060606,0.0,42.0,0.0,2,0,0.00022993317
1.0,0.0,151,119.0,150.0,10.0,7.563025210084034,6.0,0.7563025210084034,1.5630252100840343,11.9,238.0,0.3697478991596639,0,1,0.9991283
1.0,0.0,151,118.0,150.0,10.0,7.627118644067796,3.0,0.7627118644067796,4.627118644067796,11.8,236.0,0.364406779661017,0,1,0.9974371
3.0,0.0,151,117.0,148.0,10.0,7.589743589743589,6.0,0.7589743589743589,1.5897435897435894,11.7,234.0,0.36752136752136755,0,1,0.9980426
5.0,0.0,151,116.0,146.0,10.0,7.551724137931035,7.5,0.7551724137931035,0.0517241379310347,11.6,232.0,0.3706896551724138,0,1,0.9984479
6.0,0.0,151,115.0,145.0,10.0,7.565217391304348,7.199999999999999,0.7565217391304347,0.3652173913043484,11.5,230.0,0.3695652173913043,0,1,0.99917704
6.0,0.0,151,114.0,145.0,10.0,7.631578947368421,6.0,0.7631578947368421,1.6315789473684212,11.4,228.0,0.36403508771929827,0,1,0.99953127
6.0,0.0,151,113.0,145.0,10.0,7.6991150442477885,5.142857142857142,0.7699115044247788,2.556257901390646,11.3,226.0,0.3584070796460177,0,1,0.99839634
7.0,0.0,151,113.0,144.0,10.0,7.646017699115045,6.0,0.7646017699115044,1.6460176991150446,11.3,226.0,0.36283185840707965,0,1,0.99964356
7.0,0.0,151,112.0,144.0,10.0,7.7142857142857135,5.25,0.7714285714285714,2.4642857142857135,11.2,224.0,0.3571428571428571,0,1,0.9994417
7.0,0.0,151,111.0,144.0,10.0,7.783783783783784,4.666666666666667,0.7783783783783784,3.1171171171171173,11.1,222.0,0.3513513513513513,0,1,0.9990595
7.0,0.0,151,110.0,144.0,10.0,7.854545454545455,4.2,0.7854545454545455,3.654545454545455,11.0,220.0,0.34545454545454546,0,1,0.9985275
7.0,1.0,151,109.0,144.0,9.0,7.9266055045871555,3.8181818181818183,1.585321100917431,4.108423686405337,12.11111111111111,218.0,0.33944954128440363,0,1,0.9967945
8.0,1.0,151,108.0,143.0,9.0,7.944444444444445,4.0,1.588888888888889,3.9444444444444446,12.0,216.0,0.3379629629629629,0,1,0.9942826
8.0,1.0,151,107.0,143.0,9.0,8.018691588785048,3.6923076923076925,1.6037383177570095,4.326383896477355,11.88888888888889,214.0,0.3317757009345794,0,1,0.9939427
12.0,1.0,151,107.0,139.0,9.0,7.794392523364486,5.538461538461539,1.5588785046728972,2.255930984902947,11.88888888888889,214.0,0.35046728971962615,0,1,0.9982748
12.0,1.0,151,106.0,139.0,9.0,7.867924528301886,5.142857142857142,1.5735849056603772,2.725067385444744,11.777777777777779,212.0,0.3443396226415094,0,1,0.9960426
12.0,1.0,151,105.0,139.0,9.0,7.942857142857143,4.8,1.5885714285714285,3.1428571428571432,11.666666666666666,210.0,0.3380952380952381,0,1,0.9958626
16.0,1.0,151,104.0,135.0,9.0,7.788461538461539,6.0,1.557692307692308,1.7884615384615392,11.555555555555555,208.0,0.35096153846153844,0,1,0.99930847
17.0,1.0,151,103.0,134.0,9.0,7.805825242718446,6.0,1.5611650485436892,1.8058252427184458,11.444444444444445,206.0,0.3495145631067961,0,1,0.99919456
17.0,1.0,151,102.0,134.0,9.0,7.882352941176471,5.666666666666667,1.5764705882352943,2.215686274509804,11.333333333333334,204.0,0.3431372549019608,0,1,0.9988226
21.0,1.0,151,101.0,130.0,9.0,7.722772277227723,6.631578947368421,1.5445544554455446,1.0911933298593022,11.222222222222221,202.0,0.3564356435643564,0,1,0.99971443
21.0,1.0,151,100.0,130.0,9.0,7.8,6.3,1.56,1.5,11.11111111111111,200.0,0.35,0,1,0.99951375
22.0,1.0,151,99.0,129.0,9.0,7.818181818181818,6.285714285714286,1.5636363636363637,1.5324675324675328,11.0,198.0,0.3484848484848485,0,1,0.9994362
22.0,1.0,151,98.0,129.0,9.0,7.89795918367347,6.0,1.5795918367346942,1.8979591836734704,10.88888888888889,196.0,0.34183673469387754,0,1,0.9991404
22.0,1.0,151,97.0,129.0,9.0,7.979381443298968,5.739130434782608,1.5958762886597937,2.24025100851636,10.777777777777779,194.0,0.3350515463917526,0,1,0.998784
22.0,1.0,151,96.0,129.0,9.0,8.0625,5.5,1.6125,2.5625,10.666666666666666,192.0,0.328125,0,1,0.9987582
23.0,1.0,151,95.0,128.0,9.0,8.08421052631579,5.52,1.6168421052631579,2.56421052631579,10.555555555555555,190.0,0.3263157894736842,0,1,0.9979526
24.0,1.0,151,95.0,127.0,9.0,8.021052631578947,5.76,1.6042105263157893,2.2610526315789468,10.555555555555555,190.0,0.3315789473684211,0,1,0.99863917
24.0,1.0,151,94.0,127.0,9.0,8.106382978723405,5.538461538461539,1.6212765957446809,2.5679214402618653,10.444444444444445,188.0,0.32446808510638303,0,1,0.99857926
24.0,1.0,151,93.0,127.0,9.0,8.193548387096774,5.333333333333333,1.6387096774193548,2.860215053763441,10.333333333333334,186.0,0.31720430107526887,0,1,0.998331
24.0,1.0,151,92.0,127.0,9.0,8.282608695652174,5.142857142857142,1.6565217391304348,3.1397515527950315,10.222222222222221,184.0,0.3097826086956522,0,1,0.99848217
24.0,1.0,151,91.0,127.0,9.0,8.373626373626374,4.9655172413793105,1.6747252747252748,3.4081091322470636,10.11111111111111,182.0,0.30219780219780223,0,1,0.9978581
28.0,1.0,151,90.0,123.0,9.0,8.2,5.6,1.64,2.5999999999999996,10.0,180.0,0.31666666666666665,0,1,0.99819213
29.0,1.0,151,89.0,122.0,9.0,8.224719101123595,5.612903225806451,1.644943820224719,2.611815875317144,9.88888888888889,178.0,0.3146067415730337,0,1,0.9982486
35.0,1.0,151,88.0,116.0,9.0,7.909090909090909,6.5625,1.5818181818181818,1.3465909090909092,9.777777777777779,176.0,0.34090909090909094,0,1,0.9994466
39.0,1.0,151,87.0,112.0,9.0,7.724137931034483,7.090909090909091,1.5448275862068965,0.6332288401253923,9.666666666666666,174.0,0.3563218390804598,0,1,0.99982256
39.0,1.0,151,86.0,112.0,9.0,7.813953488372093,6.88235294117647,1.5627906976744186,0.9316005471956226,9.555555555555555,172.0,0.34883720930232553,0,1,0.999721
43.0,1.0,151,85.0,108.0,9.0,7.623529411764706,7.371428571428572,1.5247058823529414,0.25210084033613445,9.444444444444445,170.0,0.3647058823529412,0,1,0.9997843
43.0,1.0,151,84.0,108.0,9.0,7.714285714285714,7.166666666666667,1.542857142857143,0.5476190476190474,9.333333333333334,168.0,0.3571428571428571,0,1,0.99985266
43.0,1.0,151,83.0,108.0,9.0,7.80722891566265,6.972972972972973,1.56144578313253,0.8342559426896772,9.222222222222221,166.0,0.3493975903614458,1,1,0.9997205
44.0,1.0,151,82.0,107.0,9.0,7.829268292682928,6.947368421052632,1.5658536585365854,0.8818998716302957,9.11111111111111,164.0,0.3475609756097561,1,1,0.9996526
45.0,1.0,151,81.0,106.0,9.0,7.851851851851852,6.923076923076923,1.5703703703703704,0.9287749287749287,9.0,162.0,0.345679012345679,1,1,0.99953616
46.0,1.0,151,80.0,105.0,9.0,7.875,6.8999999999999995,1.575,0.9750000000000005,8.88888888888889,160.0,0.34375,1,1,0.99888676
47.0,1.0,151,79.0,104.0,9.0,7.89873417721519,6.878048780487805,1.579746835443038,1.0206853967273855,8.777777777777779,158.0,0.3417721518987342,1,1,0.99952626
48.0,1.0,151,78.0,103.0,9.0,7.923076923076923,6.857142857142857,1.5846153846153848,1.0659340659340666,8.666666666666666,156.0,0.33974358974358976,1,1,0.9994281
48.0,1.0,151,77.0,103.0,9.0,8.025974025974026,6.697674418604651,1.6051948051948053,1.3282996073693756,8.555555555555555,154.0,0.3311688311688312,1,1,0.9995571
50.0,1.0,151,76.0,101.0,9.0,7.973684210526316,6.818181818181818,1.5947368421052632,1.1555023923444976,8.444444444444445,152.0,0.3355263157894737,1,1,0.99951434
51.0,1.0,151,75.0,100.0,9.0,8.0,6.8,1.6,1.2000000000000002,8.333333333333334,150.0,0.33333333333333337,1,1,0.999582
52.0,1.0,151,74.0,99.0,9.0,8.027027027027026,6.782608695652174,1.6054054054054052,1.2444183313748525,8.222222222222221,148.0,0.33108108108108103,1,1,0.999582
54.0,1.0,151,73.0,97.0,9.0,7.972602739726028,6.893617021276596,1.5945205479452056,1.0789857184494318,8.11111111111111,146.0,0.3356164383561644,1,1,0.9995196
54.0,1.0,151,72.0,97.0,9.0,8.083333333333334,6.75,1.6166666666666667,1.333333333333334,8.0,144.0,0.32638888888888884,1,1,0.9995852
54.0,2.0,151,71.0,97.0,8.0,8.197183098591548,6.612244897959184,2.4591549295774646,1.5849382006323642,8.875,142.0,0.31690140845070425,1,1,0.9991786
54.0,2.0,151,70.0,97.0,8.0,8.314285714285715,6.4799999999999995,2.494285714285714,1.8342857142857154,8.75,140.0,0.30714285714285716,1,1,0.9992188
54.0,2.0,151,69.0,97.0,8.0,8.434782608695652,6.352941176470588,2.5304347826086957,2.0818414322250645,8.625,138.0,0.2971014492753623,1,1,0.99866235
55.0,2.0,151,68.0,96.0,8.0,8.470588235294118,6.346153846153847,2.5411764705882356,2.124434389140271,8.5,136.0,0.2941176470588235,1,1,0.9988262
56.0,2.0,151,67.0,95.0,8.0,8.507462686567164,6.339622641509433,2.5522388059701493,2.167840045057731,8.375,134.0,0.29104477611940294,1,1,0.99894744
57.0,2.0,151,66.0,94.0,8.0,8.545454545454545,6.333333333333333,2.5636363636363635,2.212121212121212,8.25,132.0,0.28787878787878785,1,1,0.99900097
58.0,2.0,151,65.0,93.0,8.0,8.584615384615384,6.327272727272728,2.5753846153846154,2.2573426573426563,8.125,130.0,0.2846153846153846,1,1,0.99900097
59.0,2.0,151,64.0,92.0,8.0,8.625,6.321428571428571,2.5875,2.303571428571429,8.0,128.0,0.28125,1,1,0.9975338
60.0,2.0,151,63.0,91.0,8.0,8.666666666666666,6.315789473684211,2.6,2.3508771929824555,7.875,126.0,0.2777777777777778,1,1,0.99822515
61.0,2.0,151,62.0,90.0,8.0,8.709677419354838,6.310344827586207,2.612903225806451,2.399332591768631,7.75,124.0,0.27419354838709675,1,1,0.99864286
67.0,2.0,151,61.0,84.0,8.0,8.262295081967213,6.813559322033898,2.478688524590164,1.4487357599333155,7.625,122.0,0.3114754098360656,1,1,0.9992681
68.0,2.0,151,60.0,83.0,8.0,8.3,6.8,2.49,1.5000000000000009,7.5,120.0,0.30833333333333335,1,1,0.9992974
69.0,2.0,151,59.0,82.0,8.0,8.338983050847457,6.786885245901639,2.501694915254237,1.5520978049458174,7.375,118.0,0.30508474576271183,1,1,0.99867177
69.0,2.0,151,58.0,82.0,8.0,8.482758620689655,6.677419354838709,2.5448275862068965,1.8053392658509457,7.25,116.0,0.2931034482758621,1,1,0.9983084
69.0,2.0,151,57.0,82.0,8.0,8.631578947368421,6.571428571428571,2.5894736842105264,2.06015037593985,7.125,114.0,0.2807017543859649,1,1,0.9981475
70.0,2.0,151,56.0,81.0,8.0,8.678571428571429,6.5625,2.6035714285714286,2.116071428571429,7.0,112.0,0.2767857142857143,1,1,0.9983499
72.0,2.0,151,55.0,79.0,8.0,8.618181818181819,6.646153846153846,2.585454545454546,1.9720279720279734,6.875,110.0,0.28181818181818186,1,1,0.9990833
73.0,2.0,151,54.0,78.0,8.0,8.666666666666666,6.636363636363637,2.6,2.0303030303030294,6.75,108.0,0.2777777777777778,1,1,0.99941266
74.0,2.0,151,53.0,77.0,8.0,8.716981132075471,6.6268656716417915,2.615094339622641,2.0901154604336796,6.625,106.0,0.2735849056603774,1,1,0.99886525
74.0,2.0,151,52.0,77.0,8.0,8.884615384615385,6.529411764705882,2.6653846153846152,2.3552036199095028,6.5,104.0,0.2596153846153846,1,1,0.9993587
75.0,2.0,151,51.0,76.0,8.0,8.941176470588236,6.521739130434782,2.682352941176471,2.4194373401534532,6.375,102.0,0.2549019607843137,1,1,0.99936897
76.0,2.0,151,50.0,75.0,8.0,9.0,6.514285714285714,2.7,2.4857142857142858,6.25,100.0,0.25,1,1,0.9992157
77.0,2.0,151,49.0,74.0,8.0,9.061224489795919,6.507042253521126,2.7183673469387757,2.5541822362747926,6.125,98.0,0.24489795918367352,1,1,0.9992157
78.0,2.0,151,48.0,73.0,8.0,9.125,6.5,2.7375,2.625,6.0,96.0,0.23958333333333337,1,1,0.99929345
79.0,2.0,151,47.0,72.0,8.0,9.191489361702128,6.493150684931507,2.7574468085106387,2.6983386767706214,5.875,94.0,0.23404255319148937,1,1,0.9993655
85.0,2.0,151,46.0,66.0,8.0,8.608695652173912,6.891891891891891,2.5826086956521737,1.716803760282021,5.75,92.0,0.28260869565217395,1,1,0.9990959
86.0,2.0,151,45.0,65.0,8.0,8.666666666666666,6.88,2.6,1.7866666666666662,5.625,90.0,0.2777777777777778,1,1,0.998938
87.0,2.0,151,44.0,64.0,8.0,8.727272727272728,6.86842105263158,2.6181818181818186,1.8588516746411488,5.5,88.0,0.2727272727272727,1,1,0.9986628
88.0,2.0,151,43.0,63.0,8.0,8.790697674418604,6.857142857142857,2.6372093023255814,1.9335548172757475,5.375,86.0,0.2674418604651163,1,1,0.9987501
92.0,2.0,151,42.0,59.0,8.0,8.428571428571429,7.076923076923077,2.5285714285714285,1.3516483516483522,5.25,84.0,0.29761904761904767,1,1,0.99904853
96.0,2.0,151,41.0,55.0,8.0,8.048780487804878,7.29113924050633,2.414634146341464,0.7576412472985483,5.125,82.0,0.3292682926829268,1,1,0.99912995
96.0,2.0,151,40.0,55.0,8.0,8.25,7.199999999999999,2.475,1.0500000000000007,5.0,80.0,0.3125,1,1,0.99937624
96.0,2.0,151,39.0,55.0,8.0,8.461538461538462,7.111111111111111,2.5384615384615388,1.350427350427351,4.875,78.0,0.2948717948717948,1,1,0.9993574
97.0,2.0,151,38.0,54.0,8.0,8.526315789473685,7.097560975609756,2.5578947368421057,1.4287548138639288,4.75,76.0,0.2894736842105263,1,1,0.99925584
103.0,2.0,151,37.0,48.0,8.0,7.783783783783783,7.44578313253012,2.3351351351351353,0.3380006512536635,4.625,74.0,0.3513513513513513,1,1,0.9995431
104.0,2.0,151,36.0,47.0,8.0,7.833333333333333,7.428571428571429,2.35,0.4047619047619042,4.5,72.0,0.3472222222222222,1,1,0.99948287
105.0,2.0,151,35.0,46.0,8.0,7.885714285714286,7.411764705882353,2.3657142857142857,0.47394957983193287,4.375,70.0,0.34285714285714286,1,1,0.9995813
106.0,2.0,151,34.0,45.0,8.0,7.941176470588235,7.395348837209302,2.38235294117647,0.5458276333789325,4.25,68.0,0.3382352941176471,1,1,0.99990284
106.0,2.0,151,33.0,45.0,8.0,8.181818181818182,7.310344827586207,2.4545454545454546,0.8714733542319744,4.125,66.0,0.31818181818181823,1,1,0.999796
106.0,2.0,151,32.0,45.0,8.0,8.4375,7.2272727272727275,2.53125,1.2102272727272725,4.0,64.0,0.296875,1,1,0.9996213
106.0,3.0,151,31.0,45.0,7.0,8.709677419354838,7.146067415730337,3.483870967741935,1.5636100036245013,4.428571428571429,62.0,0.27419354838709675,1,1,0.99805284
106.0,3.0,151,30.0,45.0,7.0,9.0,7.066666666666666,3.6,1.9333333333333336,4.285714285714286,60.0,0.25,1,1,0.9986486
106.0,3.0,151,29.0,45.0,7.0,9.310344827586208,6.989010989010989,3.724137931034483,2.321333838575219,4.142857142857143,58.0,0.22413793103448276,2,1,0.99905854
107.0,3.0,151,28.0,44.0,7.0,9.428571428571429,6.978260869565217,3.7714285714285714,2.450310559006212,4.0,56.0,0.2142857142857143,2,1,0.9993924
108.0,3.0,151,27.0,43.0,7.0,9.555555555555555,6.967741935483871,3.822222222222222,2.5878136200716844,3.857142857142857,54.0,0.20370370370370372,2,1,0.99934465
108.0,3.0,151,26.0,43.0,7.0,9.923076923076923,6.893617021276596,3.9692307692307693,3.029459901800327,3.7142857142857144,52.0,0.17307692307692313,2,1,0.9995776
110.0,3.0,151,25.0,41.0,7.0,9.84,6.947368421052631,3.936,2.892631578947369,3.5714285714285716,50.0,0.18000000000000005,2,1,0.9996803
114.0,3.0,151,24.0,37.0,7.0,9.25,7.125,3.7,2.125,3.4285714285714284,48.0,0.22916666666666663,2,1,0.9992428
114.0,3.0,151,23.0,37.0,7.0,9.652173913043478,7.051546391752577,3.860869565217391,2.6006275212909014,3.2857142857142856,46.0,0.19565217391304346,2,1,0.9996747
118.0,3.0,151,22.0,33.0,7.0,9.0,7.224489795918368,3.6,1.7755102040816322,3.142857142857143,44.0,0.25,2,1,0.99789363
118.0,3.0,151,21.0,33.0,7.0,9.428571428571429,7.151515151515151,3.7714285714285714,2.2770562770562774,3.0,42.0,0.2142857142857143,2,1,0.9989497
119.0,3.0,151,20.0,32.0,7.0,9.6,7.14,3.84,2.46,2.857142857142857,40.0,0.19999999999999996,2,1,0.99922085
122.0,3.0,151,19.0,29.0,7.0,9.157894736842106,7.247524752475248,3.6631578947368424,1.9103699843668585,2.7142857142857144,38.0,0.23684210526315785,2,1,0.99891937
126.0,3.0,151,18.0,25.0,7.0,8.333333333333334,7.411764705882353,3.3333333333333335,0.9215686274509807,2.5714285714285716,36.0,0.3055555555555556,2,1,0.99844104
127.0,3.0,151,17.0,24.0,7.0,8.470588235294118,7.398058252427184,3.388235294117647,1.072529982866934,2.4285714285714284,34.0,0.2941176470588235,2,1,0.99825495
128.0,3.0,151,16.0,23.0,7.0,8.625,7.384615384615385,3.45,1.240384615384615,2.2857142857142856,32.0,0.28125,2,1,0.99778676
130.0,3.0,151,15.0,21.0,7.0,8.4,7.428571428571429,3.3600000000000003,0.9714285714285715,2.142857142857143,30.0,0.30000000000000004,2,1,0.9987877
131.0,3.0,151,14.0,20.0,7.0,8.571428571428571,7.415094339622641,3.4285714285714284,1.1563342318059302,2.0,28.0,0.2857142857142857,2,1,0.9982084
133.0,3.0,151,13.0,18.0,7.0,8.307692307692308,7.4579439252336455,3.3230769230769233,0.8497483824586629,1.8571428571428572,26.0,0.3076923076923077,2,1,0.99942195
137.0,3.0,151,12.0,14.0,7.0,7.0,7.611111111111111,2.8,-0.6111111111111107,1.7142857142857142,24.0,0.41666666666666663,2,1,0.9998895
138.0,3.0,151,11.0,13.0,7.0,7.090909090909091,7.5963302752293576,2.8363636363636364,-0.5054211843202667,1.5714285714285714,22.0,0.40909090909090906,2,1,0.9998412
142.0,3.0,151,10.0,9.0,7.0,5.3999999999999995,7.745454545454546,2.1599999999999997,-2.3454545454545466,1.4285714285714286,20.0,0.55,2,1,0.99997985
143.0,3.0,151,9.0,8.0,7.0,5.333333333333333,7.72972972972973,2.1333333333333333,-2.396396396396397,1.2857142857142858,18.0,0.5555555555555556,2,1,0.99997425
144.0,3.0,151,8.0,7.0,7.0,5.25,7.7142857142857135,2.1,-2.4642857142857135,1.1428571428571428,16.0,0.5625,2,1,0.99997437
145.0,3.0,151,7.0,6.0,7.0,5.142857142857142,7.6991150442477885,2.057142857142857,-2.556257901390646,1.0,14.0,0.5714285714285714,2,1,0.9999794
146.0,3.0,151,6.0,5.0,7.0,5.0,7.684210526315789,2.0,-2.6842105263157894,0.8571428571428571,12.0,0.5833333333333333,2,1,0.9999894
152.0,3.0,151,5.0,-1.0,7.0,0.0,7.930434782608695,0.0,-9.130434782608695,0.7142857142857143,10.0,1.1,2,1,0.9999982
0.0,0.0,119,119.0,119.0,10.0,6.0,0.0,0.6,6.0,11.9,238.0,0.5,0,1,0.9997578
1.0,0.0,119,118.0,118.0,10.0,6.0,3.0,0.6,3.0,11.8,236.0,0.5,0,1,0.99994254
1.0,0.0,119,117.0,118.0,10.0,6.051282051282051,2.0,0.6051282051282051,4.051282051282051,11.7,234.0,0.49572649572649574,0,1,0.99991894
1.0,0.0,119,116.0,118.0,10.0,6.103448275862069,1.5,0.6103448275862069,4.603448275862069,11.6,232.0,0.4913793103448276,0,1,0.9996674
1.0,0.0,119,115.0,118.0,10.0,6.156521739130435,1.2,0.6156521739130435,4.956521739130435,11.5,230.0,0.4869565217391304,0,1,0.9996933
7.0,0.0,119,114.0,112.0,10.0,5.894736842105263,7.0,0.5894736842105263,-1.1052631578947372,11.4,228.0,0.5087719298245614,0,1,0.99992824
9.0,0.0,119,113.0,110.0,10.0,5.84070796460177,7.7142857142857135,0.584070796460177,-1.8735777496839434,11.3,226.0,0.5132743362831859,0,1,0.9998165
13.0,0.0,119,112.0,106.0,10.0,5.678571428571428,9.75,0.5678571428571428,-4.071428571428572,11.2,224.0,0.5267857142857143,0,1,0.99991703
13.0,0.0,119,111.0,106.0,10.0,5.72972972972973,8.666666666666666,0.572972972972973,-2.9369369369369362,11.1,222.0,0.5225225225225225,0,1,0.999925
13.0,0.0,119,110.0,106.0,10.0,5.781818181818182,7.8,0.5781818181818182,-2.0181818181818176,11.0,220.0,0.5181818181818182,0,1,0.99973756
14.0,0.0,119,109.0,105.0,10.0,5.779816513761467,7.636363636363637,0.5779816513761468,-1.8565471226021693,10.9,218.0,0.518348623853211,0,1,0.9999008
14.0,0.0,119,108.0,105.0,10.0,5.833333333333333,7.0,0.5833333333333333,-1.166666666666667,10.8,216.0,0.5138888888888888,0,1,0.9999573
14.0,0.0,119,107.0,105.0,10.0,5.88785046728972,6.461538461538462,0.588785046728972,-0.5736879942487416,10.7,214.0,0.5093457943925234,0,1,0.9999666
16.0,0.0,119,107.0,103.0,10.0,5.775700934579439,7.384615384615385,0.577570093457944,-1.6089144500359458,10.7,214.0,0.5186915887850467,0,1,0.99996233
16.0,0.0,119,106.0,103.0,10.0,5.830188679245283,6.857142857142857,0.5830188679245283,-1.026954177897574,10.6,212.0,0.5141509433962264,0,1,0.9999243
22.0,0.0,119,105.0,97.0,10.0,5.542857142857143,8.8,0.5542857142857143,-3.257142857142858,10.5,210.0,0.5380952380952381,0,1,0.99993217
26.0,0.0,119,104.0,93.0,10.0,5.365384615384616,9.75,0.5365384615384616,-4.384615384615384,10.4,208.0,0.5528846153846154,0,1,0.99990606
26.0,0.0,119,103.0,93.0,10.0,5.417475728155339,9.176470588235293,0.5417475728155339,-3.7589948600799543,10.3,206.0,0.5485436893203883,0,1,0.99989533
26.0,0.0,119,102.0,93.0,10.0,5.470588235294118,8.666666666666666,0.5470588235294118,-3.1960784313725483,10.2,204.0,0.5441176470588236,0,1,0.99987245
26.0,0.0,119,101.0,93.0,10.0,5.524752475247525,8.210526315789474,0.5524752475247525,-2.685773840541949,10.1,202.0,0.5396039603960396,0,1,0.9999298
26.0,0.0,119,100.0,93.0,10.0,5.579999999999999,7.8,0.5579999999999999,-2.2200000000000006,10.0,200.0,0.5349999999999999,0,1,0.99989843
27.0,0.0,119,99.0,92.0,10.0,5.575757575757576,7.714285714285714,0.5575757575757576,-2.1385281385281383,9.9,198.0,0.5353535353535354,0,1,0.9999577
27.0,0.0,119,98.0,92.0,10.0,5.63265306122449,7.363636363636364,0.563265306122449,-1.7309833024118744,9.8,196.0,0.5306122448979591,0,1,0.9998888
31.0,0.0,119,97.0,88.0,10.0,5.443298969072164,8.08695652173913,0.5443298969072164,-2.6436575526669666,9.7,194.0,0.5463917525773196,0,1,0.99993646
32.0,0.0,119,96.0,87.0,10.0,5.4375,8.0,0.54375,-2.5625,9.6,192.0,0.546875,0,1,0.999949
32.0,0.0,119,95.0,87.0,10.0,5.494736842105263,7.68,0.5494736842105263,-2.1852631578947364,9.5,190.0,0.5421052631578948,0,1,0.9999627
33.0,0.0,119,94.0,86.0,10.0,5.48936170212766,7.615384615384616,0.548936170212766,-2.126022913256956,9.4,188.0,0.5425531914893618,0,1,0.99998033
33.0,0.0,119,93.0,86.0,10.0,5.548387096774194,7.333333333333333,0.5548387096774194,-1.784946236559139,9.3,186.0,0.5376344086021505,0,1,0.9999217
33.0,0.0,119,92.0,86.0,10.0,5.608695652173913,7.071428571428571,0.5608695652173913,-1.462732919254658,9.2,184.0,0.5326086956521738,0,1,0.9998591
34.0,0.0,119,91.0,85.0,10.0,5.604395604395605,7.03448275862069,0.5604395604395604,-1.4300871542250855,9.1,182.0,0.532967032967033,0,1,0.99983454
35.0,0.0,119,90.0,84.0,10.0,5.6,7.0,0.5599999999999999,-1.4000000000000004,9.0,180.0,0.5333333333333333,0,1,0.99993706
35.0,0.0,119,89.0,84.0,10.0,5.662921348314606,6.774193548387096,0.5662921348314607,-1.1112722000724897,8.9,178.0,0.5280898876404494,0,1,0.99990153
35.0,0.0,119,88.0,84.0,10.0,5.7272727272727275,6.5625,0.5727272727272728,-0.8352272727272725,8.8,176.0,0.5227272727272727,0,1,0.9998845
35.0,0.0,119,87.0,84.0,10.0,5.793103448275862,6.363636363636363,0.5793103448275863,-0.5705329153605012,8.7,174.0,0.5172413793103448,0,1,0.9999149
37.0,0.0,119,86.0,82.0,10.0,5.720930232558139,6.529411764705882,0.5720930232558139,-0.8084815321477432,8.6,172.0,0.5232558139534884,0,1,0.9999225
37.0,0.0,119,85.0,82.0,10.0,5.788235294117647,6.342857142857143,0.5788235294117647,-0.5546218487394965,8.5,170.0,0.5176470588235293,0,1,0.99989295
41.0,0.0,119,84.0,78.0,10.0,5.571428571428571,6.833333333333333,0.5571428571428572,-1.2619047619047619,8.4,168.0,0.5357142857142857,0,1,0.9999232
42.0,0.0,119,83.0,77.0,10.0,5.566265060240964,6.8108108108108105,0.5566265060240964,-1.2445457505698467,8.3,166.0,0.536144578313253,1,1,0.9999174
46.0,0.0,119,82.0,73.0,10.0,5.341463414634147,7.2631578947368425,0.5341463414634147,-1.9216944801026958,8.2,164.0,0.5548780487804879,1,1,0.9999417
52.0,0.0,119,81.0,67.0,10.0,4.962962962962963,8.0,0.4962962962962963,-3.037037037037037,8.1,162.0,0.5864197530864197,1,1,0.99998796
52.0,0.0,119,80.0,67.0,10.0,5.0249999999999995,7.8,0.5025,-2.7750000000000004,8.0,160.0,0.58125,1,1,0.9999795
56.0,0.0,119,79.0,63.0,10.0,4.784810126582279,8.195121951219512,0.4784810126582279,-3.4103118246372333,7.9,158.0,0.6012658227848101,1,1,0.9999852
62.0,0.0,119,78.0,57.0,10.0,4.384615384615385,8.857142857142858,0.4384615384615385,-4.472527472527473,7.8,156.0,0.6346153846153846,1,1,0.99998975
62.0,0.0,119,77.0,57.0,10.0,4.441558441558441,8.651162790697674,0.4441558441558441,-4.209604349139233,7.7,154.0,0.6298701298701299,1,1,0.99998915
63.0,0.0,119,76.0,56.0,10.0,4.421052631578948,8.590909090909092,0.4421052631578948,-4.169856459330144,7.6,152.0,0.631578947368421,1,1,0.99999
65.0,0.0,119,75.0,54.0,10.0,4.32,8.666666666666666,0.43200000000000005,-4.346666666666666,7.5,150.0,0.64,1,1,0.99999297
65.0,0.0,119,74.0,54.0,10.0,4.378378378378378,8.478260869565217,0.4378378378378378,-4.099882491186839,7.4,148.0,0.6351351351351351,1,1,0.9999925
66.0,0.0,119,73.0,53.0,10.0,4.356164383561644,8.425531914893618,0.4356164383561644,-4.069367531331974,7.3,146.0,0.636986301369863,1,1,0.9999925
67.0,0.0,119,72.0,52.0,10.0,4.333333333333333,8.375,0.4333333333333333,-4.041666666666667,7.2,144.0,0.6388888888888888,1,1,0.9999926
68.0,0.0,119,71.0,51.0,10.0,4.309859154929577,8.326530612244898,0.4309859154929577,-4.016671457315321,7.1,142.0,0.6408450704225352,1,1,0.9999919
68.0,0.0,119,70.0,51.0,10.0,4.371428571428572,8.16,0.43714285714285717,-3.7885714285714283,7.0,140.0,0.6357142857142857,1,1,0.9999918
69.0,0.0,119,69.0,50.0,10.0,4.3478260869565215,8.117647058823529,0.43478260869565216,-3.7698209718670075,6.9,138.0,0.6376811594202898,1,1,0.9999933
69.0,0.0,119,68.0,50.0,10.0,4.411764705882352,7.961538461538462,0.4411764705882352,-3.5497737556561093,6.8,136.0,0.6323529411764706,1,1,0.99999535
70.0,0.0,119,67.0,49.0,10.0,4.388059701492538,7.924528301886792,0.4388059701492538,-3.5364686003942536,6.7,134.0,0.6343283582089552,1,1,0.9999963
71.0,0.0,119,66.0,48.0,10.0,4.363636363636363,7.888888888888889,0.43636363636363634,-3.525252525252526,6.6,132.0,0.6363636363636364,1,1,0.9999963
71.0,0.0,119,65.0,48.0,10.0,4.43076923076923,7.745454545454546,0.44307692307692303,-3.314685314685316,6.5,130.0,0.6307692307692307,1,1,0.9999945
72.0,0.0,119,64.0,47.0,10.0,4.40625,7.7142857142857135,0.440625,-3.3080357142857135,6.4,128.0,0.6328125,1,1,0.99999535
78.0,0.0,119,63.0,41.0,10.0,3.9047619047619047,8.210526315789474,0.3904761904761905,-4.305764411027569,6.3,126.0,0.6746031746031746,1,1,0.9999839
79.0,0.0,119,62.0,40.0,10.0,3.8709677419354835,8.172413793103448,0.3870967741935484,-4.301446051167964,6.2,124.0,0.6774193548387097,1,1,0.9999862
79.0,0.0,119,61.0,40.0,10.0,3.934426229508197,8.033898305084746,0.3934426229508197,-4.099472075576548,6.1,122.0,0.6721311475409837,1,1,0.99999154
85.0,0.0,119,60.0,34.0,10.0,3.4,8.5,0.33999999999999997,-5.1,6.0,120.0,0.7166666666666667,1,1,0.999992
86.0,0.0,119,59.0,33.0,10.0,3.3559322033898304,8.459016393442623,0.33559322033898303,-5.103084190052792,5.9,118.0,0.7203389830508475,1,1,0.9999918
87.0,0.0,119,58.0,32.0,10.0,3.3103448275862073,8.419354838709676,0.33103448275862074,-5.109010011123469,5.8,116.0,0.7241379310344828,1,1,0.99999285
87.0,0.0,119,57.0,32.0,10.0,3.3684210526315788,8.285714285714286,0.3368421052631579,-4.917293233082708,5.7,114.0,0.7192982456140351,1,1,0.99999356
88.0,0.0,119,56.0,31.0,10.0,3.321428571428571,8.25,0.33214285714285713,-4.928571428571429,5.6,112.0,0.7232142857142857,1,1,0.99999356
88.0,0.0,119,55.0,31.0,10.0,3.381818181818182,8.123076923076923,0.3381818181818182,-4.741258741258741,5.5,110.0,0.7181818181818183,1,1,0.9999932
89.0,0.0,119,54.0,30.0,10.0,3.3333333333333335,8.090909090909092,0.33333333333333337,-4.757575757575758,5.4,108.0,0.7222222222222222,1,1,0.99999547
90.0,0.0,119,53.0,29.0,10.0,3.283018867924528,8.059701492537314,0.3283018867924528,-4.7766826246127865,5.3,106.0,0.7264150943396226,1,1,0.99999607
91.0,0.0,119,52.0,28.0,10.0,3.230769230769231,8.029411764705882,0.3230769230769231,-4.798642533936651,5.2,104.0,0.7307692307692308,1,1,0.9999963
92.0,0.0,119,51.0,27.0,10.0,3.176470588235294,8.0,0.3176470588235294,-4.8235294117647065,5.1,102.0,0.7352941176470589,1,1,0.9999944
92.0,1.0,119,50.0,27.0,9.0,3.2399999999999998,7.885714285714286,0.6479999999999999,-4.645714285714286,5.555555555555555,100.0,0.73,1,1,0.99998486
94.0,1.0,119,49.0,25.0,9.0,3.0612244897959187,7.943661971830985,0.6122448979591837,-4.8824374820350664,5.444444444444445,98.0,0.7448979591836735,1,1,0.9999931
95.0,1.0,119,48.0,24.0,9.0,3.0,7.916666666666667,0.6,-4.916666666666667,5.333333333333333,96.0,0.75,1,1,0.9999938
96.0,1.0,119,47.0,23.0,9.0,2.9361702127659575,7.89041095890411,0.5872340425531914,-4.954240746138153,5.222222222222222,94.0,0.7553191489361702,1,1,0.9999964
96.0,1.0,119,46.0,23.0,9.0,3.0,7.783783783783783,0.6,-4.783783783783783,5.111111111111111,92.0,0.75,1,1,0.9999944
102.0,1.0,119,45.0,17.0,9.0,2.2666666666666666,8.16,0.4533333333333333,-5.8933333333333335,5.0,90.0,0.8111111111111111,1,1,0.99997985
102.0,1.0,119,44.0,17.0,9.0,2.3181818181818183,8.052631578947368,0.4636363636363637,-5.73444976076555,4.888888888888889,88.0,0.8068181818181819,1,1,0.999987
108.0,1.0,119,43.0,11.0,9.0,1.5348837209302324,8.415584415584416,0.3069767441860465,-6.880700694654183,4.777777777777778,86.0,0.872093023255814,1,1,0.9999882
108.0,1.0,119,42.0,11.0,9.0,1.5714285714285714,8.307692307692308,0.3142857142857143,-6.736263736263737,4.666666666666667,84.0,0.8690476190476191,1,1,0.9999894
109.0,1.0,119,41.0,10.0,9.0,1.4634146341463414,8.278481012658228,0.2926829268292683,-6.815066378511887,4.555555555555555,82.0,0.8780487804878049,1,1,0.99998665
111.0,1.0,119,40.0,8.0,9.0,1.2,8.325,0.24,-7.124999999999999,4.444444444444445,80.0,0.9,1,1,0.9999882
112.0,1.0,119,39.0,7.0,9.0,1.0769230769230769,8.296296296296296,0.21538461538461537,-7.219373219373219,4.333333333333333,78.0,0.9102564102564102,1,1,0.99998736
116.0,1.0,119,38.0,3.0,9.0,0.4736842105263158,8.487804878048781,0.09473684210526316,-8.014120667522466,4.222222222222222,76.0,0.9605263157894737,1,1,0.99998164
116.0,1.0,119,37.0,3.0,9.0,0.48648648648648646,8.385542168674698,0.09729729729729729,-7.899055682188211,4.111111111111111,74.0,0.9594594594594594,1,1,0.99998164
120.0,1.0,119,36.0,-1.0,9.0,0.0,8.571428571428571,0.0,-8.738095238095237,4.0,72.0,1.0138888888888888,1,1,0.99997926
1.0,0.0,159,119.0,158.0,10.0,7.966386554621849,6.0,0.7966386554621849,1.9663865546218489,11.9,238.0,0.33613445378151263,0,1,0.98587865
1.0,1.0,159,118.0,158.0,9.0,8.033898305084746,3.0,1.6067796610169491,5.033898305084746,13.11111111111111,236.0,0.3305084745762712,0,1,0.9578556
5.0,1.0,159,117.0,154.0,9.0,7.897435897435898,10.0,1.5794871794871796,-2.102564102564102,13.0,234.0,0.3418803418803419,0,0,0.34918556
6.0,1.0,159,116.0,153.0,9.0,7.913793103448277,9.0,1.5827586206896553,-1.0862068965517233,12.88888888888889,232.0,0.3405172413793104,0,1,0.9080745
7.0,1.0,159,115.0,152.0,9.0,7.930434782608695,8.4,1.586086956521739,-0.4695652173913052,12.777777777777779,230.0,0.33913043478260874,0,1,0.9552994
8.0,1.0,159,114.0,151.0,9.0,7.947368421052632,8.0,1.5894736842105264,-0.05263157894736814,12.666666666666666,228.0,0.3377192982456141,0,1,0.9965654
10.0,1.0,159,113.0,149.0,9.0,7.911504424778761,8.571428571428571,1.5823008849557523,-0.6599241466498098,12.555555555555555,226.0,0.3407079646017699,0,1,0.98430115
11.0,1.0,159,112.0,148.0,9.0,7.928571428571428,8.25,1.5857142857142856,-0.32142857142857206,12.444444444444445,224.0,0.3392857142857143,0,1,0.9511851
12.0,1.0,159,111.0,147.0,9.0,7.945945945945946,8.0,1.5891891891891892,-0.05405405405405439,12.333333333333334,222.0,0.33783783783783783,0,1,0.9892113
13.0,1.0,159,110.0,146.0,9.0,7.963636363636364,7.8,1.5927272727272728,0.16363636363636402,12.222222222222221,220.0,0.3363636363636363,0,1,0.9918568
15.0,1.0,159,109.0,144.0,9.0,7.9266055045871555,8.181818181818182,1.585321100917431,-0.25521267723102614,12.11111111111111,218.0,0.33944954128440363,0,1,0.98725986
20.0,1.0,159,108.0,139.0,9.0,7.722222222222222,10.0,1.5444444444444445,-2.2777777777777777,12.0,216.0,0.3564814814814815,0,1,0.99896216
20.0,1.0,159,107.0,139.0,9.0,7.794392523364486,9.230769230769232,1.5588785046728972,-1.4363767074047455,11.88888888888889,214.0,0.35046728971962615,0,1,0.9941554
20.0,1.0,159,106.0,139.0,9.0,7.867924528301886,8.571428571428571,1.5735849056603772,-0.703504043126685,11.777777777777779,212.0,0.3443396226415094,0,1,0.9891944
21.0,1.0,159,105.0,138.0,9.0,7.885714285714286,8.4,1.5771428571428572,-0.5142857142857142,11.666666666666666,210.0,0.34285714285714286,0,1,0.9940671
23.0,1.0,159,104.0,136.0,9.0,7.846153846153847,8.625,1.5692307692307694,-0.7788461538461533,11.555555555555555,208.0,0.34615384615384615,0,1,0.99400514
24.0,1.0,159,107.0,135.0,9.0,7.570093457943925,11.076923076923078,1.514018691588785,-3.506829618979153,11.88888888888889,214.0,0.3691588785046729,0,1,0.9984452
24.0,1.0,159,106.0,135.0,9.0,7.641509433962264,10.285714285714285,1.5283018867924527,-2.644204851752021,11.777777777777779,212.0,0.3632075471698113,0,1,0.9988894
30.0,1.0,159,105.0,129.0,9.0,7.371428571428571,12.0,1.4742857142857142,-4.628571428571429,11.666666666666666,210.0,0.3857142857142857,0,1,0.9991748
31.0,1.0,159,104.0,128.0,9.0,7.384615384615385,11.625,1.476923076923077,-4.240384615384615,11.555555555555555,208.0,0.3846153846153846,0,1,0.99921405
32.0,1.0,159,103.0,127.0,9.0,7.398058252427184,11.294117647058822,1.4796116504854369,-3.8960593946316386,11.444444444444445,206.0,0.383495145631068,0,1,0.99911004
32.0,1.0,159,102.0,127.0,9.0,7.470588235294118,10.666666666666666,1.4941176470588236,-3.1960784313725483,11.333333333333334,204.0,0.37745098039215685,0,1,0.999597
33.0,1.0,159,101.0,126.0,9.0,7.485148514851486,10.421052631578949,1.497029702970297,-2.935904116727463,11.222222222222221,202.0,0.37623762376237624,0,1,0.99955755
34.0,1.0,159,100.0,125.0,9.0,7.499999999999999,10.2,1.4999999999999998,-2.7,11.11111111111111,200.0,0.375,0,1,0.9997836
35.0,1.0,159,99.0,124.0,9.0,7.515151515151516,10.0,1.5030303030303032,-2.4848484848484844,11.0,198.0,0.3737373737373737,0,1,0.9999217
39.0,1.0,159,98.0,120.0,9.0,7.346938775510204,10.636363636363637,1.469387755102041,-3.2894248608534324,10.88888888888889,196.0,0.3877551020408163,0,1,0.9998926
39.0,1.0,159,97.0,120.0,9.0,7.422680412371133,10.17391304347826,1.4845360824742266,-2.7512326311071265,10.777777777777779,194.0,0.38144329896907214,0,1,0.9999243
40.0,1.0,159,96.0,119.0,9.0,7.4375,10.0,1.4875,-2.5625,10.666666666666666,192.0,0.38020833333333337,0,1,0.9999522
44.0,1.0,159,95.0,115.0,9.0,7.263157894736842,10.559999999999999,1.4526315789473683,-3.296842105263157,10.555555555555555,190.0,0.39473684210526316,0,1,0.9999219
45.0,1.0,159,94.0,114.0,9.0,7.276595744680852,10.384615384615385,1.4553191489361703,-3.1080196399345335,10.444444444444445,188.0,0.3936170212765957,0,1,0.99990666
45.0,1.0,159,93.0,114.0,9.0,7.354838709677419,10.0,1.4709677419354839,-2.645161290322581,10.333333333333334,186.0,0.3870967741935484,0,1,0.9999336
46.0,1.0,159,92.0,113.0,9.0,7.369565217391304,9.857142857142856,1.4739130434782608,-2.487577639751552,10.222222222222221,184.0,0.38586956521739135,0,1,0.99984634
47.0,1.0,159,91.0,112.0,9.0,7.384615384615385,9.724137931034484,1.476923076923077,-2.339522546419099,10.11111111111111,182.0,0.3846153846153846,0,1,0.9999316
48.0,1.0,159,90.0,111.0,9.0,7.4,9.6,1.48,-2.1999999999999993,10.0,180.0,0.3833333333333333,0,1,0.9999032
52.0,1.0,159,89.0,107.0,9.0,7.213483146067415,10.064516129032258,1.442696629213483,-2.851032982964843,9.88888888888889,178.0,0.398876404494382,0,1,0.9999361
53.0,1.0,159,89.0,106.0,9.0,7.146067415730337,10.258064516129032,1.4292134831460674,-3.1119971003986953,9.88888888888889,178.0,0.4044943820224719,0,1,0.99991393
54.0,1.0,159,88.0,105.0,9.0,7.159090909090909,10.125,1.4318181818181819,-2.965909090909091,9.777777777777779,176.0,0.40340909090909094,0,1,0.9999368
54.0,1.0,159,87.0,105.0,9.0,7.241379310344827,9.818181818181818,1.4482758620689655,-2.576802507836991,9.666666666666666,174.0,0.39655172413793105,0,1,0.9999578
58.0,1.0,159,86.0,101.0,9.0,7.046511627906977,10.235294117647058,1.4093023255813955,-3.188782489740081,9.555555555555555,172.0,0.41279069767441856,0,1,0.9998915
64.0,1.0,159,85.0,95.0,9.0,6.705882352941177,10.971428571428572,1.3411764705882354,-4.265546218487395,9.444444444444445,170.0,0.4411764705882353,0,1,0.9999778
68.0,1.0,159,84.0,91.0,9.0,6.5,11.333333333333334,1.3,-4.833333333333334,9.333333333333334,168.0,0.45833333333333337,0,1,0.99998426
69.0,1.0,159,83.0,90.0,9.0,6.506024096385542,11.18918918918919,1.3012048192771084,-4.683165092803647,9.222222222222221,166.0,0.45783132530120485,1,1,0.99998295
69.0,1.0,159,82.0,90.0,9.0,6.585365853658537,10.894736842105264,1.3170731707317074,-4.309370988446727,9.11111111111111,164.0,0.4512195121951219,1,1,0.99998367
70.0,1.0,159,81.0,89.0,9.0,6.592592592592593,10.76923076923077,1.3185185185185184,-4.1766381766381775,9.0,162.0,0.4506172839506173,1,1,0.9999827
70.0,2.0,159,80.0,89.0,8.0,6.675,10.5,2.0025,-3.825,10.0,160.0,0.44375,1,1,0.999966
71.0,2.0,159,79.0,88.0,8.0,6.6835443037974684,10.390243902439025,2.0050632911392405,-3.7066995986415563,9.875,158.0,0.44303797468354433,1,1,0.99996734
72.0,2.0,159,78.0,87.0,8.0,6.6923076923076925,10.285714285714286,2.0076923076923077,-3.593406593406594,9.75,156.0,0.4423076923076923,1,1,0.9999739
72.0,3.0,159,77.0,87.0,7.0,6.779220779220779,10.046511627906977,2.7116883116883117,-3.267290848686198,11.0,154.0,0.43506493506493504,1,1,0.99948275
73.0,3.0,159,76.0,86.0,7.0,6.7894736842105265,9.954545454545455,2.7157894736842105,-3.1650717703349285,10.857142857142858,152.0,0.4342105263157895,1,1,0.99984837
74.0,3.0,159,75.0,85.0,7.0,6.8,9.866666666666667,2.7199999999999998,-3.0666666666666673,10.714285714285714,150.0,0.43333333333333335,1,1,0.99985754
78.0,3.0,159,74.0,81.0,7.0,6.5675675675675675,10.17391304347826,2.627027027027027,-3.6063454759106923,10.571428571428571,148.0,0.45270270270270274,1,1,0.9999201
79.0,3.0,159,73.0,80.0,7.0,6.575342465753425,10.085106382978724,2.63013698630137,-3.509763917225299,10.428571428571429,146.0,0.452054794520548,1,1,0.9999223
80.0,3.0,159,72.0,79.0,7.0,6.583333333333333,10.0,2.6333333333333333,-3.416666666666667,10.285714285714286,144.0,0.45138888888888884,1,1,0.999897
80.0,3.0,159,71.0,79.0,7.0,6.676056338028169,9.795918367346939,2.6704225352112676,-3.11986202931877,10.142857142857142,142.0,0.4436619718309859,1,1,0.9998517
81.0,3.0,159,71.0,78.0,7.0,6.591549295774648,9.918367346938776,2.636619718309859,-3.3268180511641283,10.142857142857142,142.0,0.45070422535211263,1,1,0.9999368
81.0,4.0,159,70.0,78.0,6.0,6.685714285714286,9.719999999999999,3.342857142857143,-3.034285714285713,11.666666666666666,140.0,0.44285714285714284,1,1,0.98640823
81.0,4.0,159,69.0,78.0,6.0,6.782608695652174,9.529411764705882,3.391304347826087,-2.7468030690537084,11.5,138.0,0.4347826086956522,1,1,0.9845946
81.0,4.0,159,68.0,78.0,6.0,6.88235294117647,9.346153846153847,3.4411764705882346,-2.4638009049773766,11.333333333333334,136.0,0.42647058823529416,1,1,0.9913168
85.0,4.0,159,67.0,74.0,6.0,6.6268656716417915,9.622641509433961,3.313432835820896,-2.99577583779217,11.166666666666666,134.0,0.4477611940298507,1,1,0.9960461
89.0,4.0,159,66.0,70.0,6.0,6.363636363636363,9.88888888888889,3.1818181818181817,-3.525252525252526,11.0,132.0,0.4696969696969697,1,1,0.9961132
89.0,4.0,159,65.0,70.0,6.0,6.461538461538461,9.709090909090909,3.230769230769231,-3.247552447552448,10.833333333333334,130.0,0.46153846153846156,1,1,0.9988116
90.0,4.0,159,64.0,69.0,6.0,6.46875,9.642857142857142,3.234375,-3.1741071428571423,10.666666666666666,128.0,0.4609375,1,1,0.999263
90.0,4.0,159,63.0,69.0,6.0,6.571428571428571,9.473684210526315,3.2857142857142856,-2.902255639097744,10.5,126.0,0.45238095238095233,1,1,0.999783
90.0,4.0,159,62.0,69.0,6.0,6.677419354838709,9.310344827586208,3.3387096774193545,-2.632925472747499,10.333333333333334,124.0,0.44354838709677424,1,1,0.99979836
90.0,4.0,159,61.0,69.0,6.0,6.786885245901639,9.152542372881355,3.3934426229508197,-2.3656571269797153,10.166666666666666,122.0,0.43442622950819676,1,1,0.9995962
91.0,4.0,159,60.0,68.0,6.0,6.8,9.1,3.4,-2.3,10.0,120.0,0.43333333333333335,1,1,0.9996841
91.0,5.0,159,59.0,68.0,5.0,6.915254237288135,8.950819672131148,4.149152542372881,-2.035565434843013,11.8,118.0,0.423728813559322,1,1,0.7172811
92.0,5.0,159,58.0,67.0,5.0,6.931034482758621,8.903225806451612,4.158620689655173,-1.972191323692991,11.6,116.0,0.4224137931034483,1,1,0.55038464
92.0,5.0,159,57.0,67.0,5.0,7.052631578947368,8.761904761904763,4.231578947368421,-1.7092731829573946,11.4,114.0,0.4122807017543859,1,1,0.59118545
93.0,5.0,159,56.0,66.0,5.0,7.071428571428571,8.71875,4.242857142857143,-1.6473214285714288,11.2,112.0,0.4107142857142857,1,1,0.8294258
94.0,5.0,159,55.0,65.0,5.0,7.090909090909092,8.676923076923076,4.254545454545455,-1.5860139860139846,11.0,110.0,0.40909090909090906,1,1,0.8917035
94.0,5.0,159,54.0,65.0,5.0,7.222222222222222,8.545454545454545,4.333333333333334,-1.3232323232323226,10.8,108.0,0.39814814814814814,1,1,0.9589136
94.0,5.0,159,53.0,65.0,5.0,7.3584905660377355,8.417910447761194,4.415094339622641,-1.0594198817234588,10.6,106.0,0.3867924528301887,1,1,0.9574164
95.0,5.0,159,52.0,64.0,5.0,7.384615384615385,8.382352941176471,4.430769230769231,-0.997737556561086,10.4,104.0,0.3846153846153846,1,1,0.97313446
96.0,5.0,159,51.0,63.0,5.0,7.411764705882353,8.347826086956522,4.447058823529412,-0.9360613810741683,10.2,102.0,0.38235294117647056,1,1,0.9640657
97.0,5.0,159,50.0,62.0,5.0,7.4399999999999995,8.314285714285715,4.464,-0.8742857142857154,10.0,100.0,0.38,1,1,0.98010695
98.0,5.0,159,49.0,61.0,5.0,7.469387755102042,8.28169014084507,4.481632653061225,-0.8123023857430285,9.8,98.0,0.37755102040816324,1,1,0.9837157
102.0,5.0,159,48.0,57.0,5.0,7.125,8.5,4.275,-1.375,9.6,96.0,0.40625,1,1,0.9803042
102.0,5.0,159,47.0,57.0,5.0,7.276595744680852,8.383561643835616,4.365957446808511,-1.1069658991547646,9.4,94.0,0.3936170212765957,1,1,0.9944793
102.0,5.0,159,46.0,57.0,5.0,7.434782608695652,8.27027027027027,4.460869565217392,-0.8354876615746178,9.2,92.0,0.3804347826086957,1,1,0.9866752
103.0,5.0,159,45.0,56.0,5.0,7.466666666666667,8.24,4.4799999999999995,-0.7733333333333334,9.0,90.0,0.37777777777777777,1,1,0.99624807
103.0,5.0,159,44.0,56.0,5.0,7.636363636363637,8.131578947368421,4.581818181818182,-0.49521531100478455,8.8,88.0,0.36363636363636365,1,1,0.99874383
105.0,5.0,159,43.0,54.0,5.0,7.534883720930233,8.181818181818182,4.52093023255814,-0.646934460887949,8.6,86.0,0.37209302325581395,1,1,0.9973586
106.0,5.0,159,42.0,53.0,5.0,7.571428571428571,8.153846153846153,4.542857142857143,-0.5824175824175821,8.4,84.0,0.36904761904761907,1,1,0.9990345
107.0,5.0,159,41.0,52.0,5.0,7.609756097560976,8.126582278481013,4.565853658536586,-0.5168261809200372,8.2,82.0,0.36585365853658536,1,1,0.9993388
108.0,5.0,159,40.0,51.0,5.0,7.6499999999999995,8.1,4.59,-0.4500000000000002,8.0,80.0,0.36250000000000004,1,1,0.9997178
108.0,5.0,159,39.0,51.0,5.0,7.846153846153846,8.0,4.707692307692307,-0.1538461538461542,7.8,78.0,0.34615384615384615,1,1,0.99938726
111.0,5.0,159,38.0,48.0,5.0,7.578947368421053,8.121951219512196,4.5473684210526315,-0.543003851091143,7.6,76.0,0.368421052631579,1,1,0.9987206
112.0,5.0,159,37.0,47.0,5.0,7.621621621621621,8.096385542168674,4.5729729729729724,-0.4747639205470531,7.4,74.0,0.3648648648648649,1,1,0.9993999
113.0,5.0,159,36.0,46.0,5.0,7.666666666666667,8.071428571428571,4.6,-0.4047619047619042,7.2,72.0,0.36111111111111116,1,1,0.99964094
114.0,5.0,159,35.0,45.0,5.0,7.714285714285714,8.047058823529412,4.628571428571428,-0.3327731092436972,7.0,70.0,0.3571428571428571,1,1,0.99969995
114.0,5.0,159,34.0,45.0,5.0,7.941176470588235,7.953488372093023,4.76470588235294,-0.012311901504788558,6.8,68.0,0.3382352941176471,1,1,0.99960417
114.0,5.0,159,33.0,45.0,5.0,8.181818181818182,7.862068965517241,4.909090909090909,0.31974921630094055,6.6,66.0,0.31818181818181823,1,1,0.998432
114.0,6.0,159,32.0,45.0,4.0,8.4375,7.772727272727273,5.90625,0.6647727272727266,8.0,64.0,0.296875,1,1,0.6016119
114.0,6.0,159,31.0,45.0,4.0,8.709677419354838,7.685393258426966,6.096774193548386,1.0242841609278717,7.75,62.0,0.27419354838709675,1,0,0.15940365
115.0,6.0,159,30.0,44.0,4.0,8.8,7.666666666666667,6.160000000000001,1.1333333333333337,7.5,60.0,0.2666666666666667,1,0,0.18347245
116.0,6.0,159,29.0,43.0,4.0,8.896551724137932,7.648351648351649,6.227586206896552,1.2482000757862837,7.25,58.0,0.2586206896551724,2,0,0.0941299
117.0,6.0,159,29.0,42.0,4.0,8.689655172413794,7.714285714285714,6.082758620689655,0.9753694581280792,7.25,58.0,0.27586206896551724,2,0,0.31041458
117.0,6.0,159,28.0,42.0,4.0,9.0,7.630434782608695,6.3,1.3695652173913047,7.0,56.0,0.25,2,0,0.14520794
117.0,7.0,159,27.0,42.0,3.0,9.333333333333334,7.548387096774194,7.466666666666667,1.78494623655914,9.0,54.0,0.2222222222222222,2,0,0.16031653
117.0,7.0,159,26.0,42.0,3.0,9.692307692307693,7.468085106382979,7.753846153846155,2.2242225859247142,8.666666666666666,52.0,0.1923076923076923,2,0,0.22682987
121.0,7.0,159,25.0,38.0,3.0,9.12,7.6421052631578945,7.295999999999999,1.4778947368421047,8.333333333333334,50.0,0.24,2,0,0.12308574
122.0,7.0,159,24.0,37.0,3.0,9.25,7.625,7.4,1.625,8.0,48.0,0.22916666666666663,2,0,0.102206856
123.0,7.0,159,23.0,36.0,3.0,9.391304347826086,7.608247422680412,7.513043478260869,1.783056925145674,7.666666666666667,46.0,0.21739130434782605,2,0,0.16313191
123.0,7.0,159,22.0,36.0,3.0,9.818181818181818,7.530612244897959,7.8545454545454545,2.287569573283859,7.333333333333333,44.0,0.18181818181818177,2,0,0.2684295
123.0,7.0,159,21.0,36.0,3.0,10.285714285714286,7.454545454545454,8.22857142857143,2.8311688311688323,7.0,42.0,0.1428571428571429,2,0,0.3231406
124.0,7.0,159,20.0,35.0,3.0,10.5,7.4399999999999995,8.4,3.0600000000000005,6.666666666666667,40.0,0.125,2,0,0.33436537
124.0,8.0,159,19.0,35.0,2.0,11.052631578947368,7.366336633663367,9.947368421052632,3.6862949452840015,9.5,38.0,0.07894736842105265,2,0,0.29526752
125.0,8.0,159,18.0,34.0,2.0,11.333333333333334,7.352941176470588,10.2,3.980392156862746,9.0,36.0,0.05555555555555558,2,0,0.12628163
126.0,8.0,159,17.0,33.0,2.0,11.647058823529411,7.339805825242718,10.482352941176469,4.307252998286693,8.5,34.0,0.02941176470588236,2,0,0.13617074
126.0,8.0,159,16.0,33.0,2.0,12.375,7.26923076923077,11.1375,5.10576923076923,8.0,32.0,0.0,2,0,0.028096799
126.0,8.0,159,15.0,33.0,2.0,13.2,7.2,11.879999999999999,5.999999999999999,7.5,30.0,0.0,2,0,0.022533022
126.0,9.0,159,14.0,33.0,1.0,14.142857142857142,7.132075471698113,14.142857142857142,7.010781671159029,14.0,28.0,0.0,2,0,0.00783424
132.0,9.0,159,13.0,27.0,1.0,12.461538461538462,7.4018691588785055,12.461538461538462,5.059669302659956,13.0,26.0,0.0,2,0,0.01565015
132.0,9.0,159,12.0,27.0,1.0,13.5,7.333333333333333,13.5,6.166666666666667,12.0,24.0,0.0,2,0,0.019505486
132.0,9.0,159,11.0,27.0,1.0,14.727272727272728,7.26605504587156,14.727272727272728,7.461217681401169,11.0,22.0,0.0,2,0,0.010709311
132.0,9.0,159,10.0,27.0,1.0,16.2,7.2,16.2,9.0,10.0,20.0,0.0,2,0,0.010198017
132.0,10.0,159,9.0,27.0,0.0,18.0,7.135135135135135,19.8,10.864864864864865,0.0,18.0,0.0,2,0,0.01535593
